# --------------------------------------------
# Insert SQL for Table UNIV_FACULTY
# --------------------------------------------
INSERT INTO sis.UNIV_FACULTY (FACULTY_ID, NAME, STATUS, CREATED_DATE, CREATED_USER_ID)
VALUES (10, 'TIP FAKÜLTESİ', 'ACTIVE', '2021-12-15 20:13:45', 1);

INSERT INTO sis.UNIV_FACULTY (FACULTY_ID, NAME, STATUS, CREATED_DATE, CREATED_USER_ID)
VALUES (11, 'MÜHENDİSLİK MİMARLIK FAKÜLTESİ', 'ACTIVE', '2021-12-15 20:13:45', 1);

INSERT INTO sis.UNIV_FACULTY (FACULTY_ID, NAME, STATUS, CREATED_DATE, CREATED_USER_ID)
VALUES (12, 'HUKUK FAKÜLTESİ', 'ACTIVE', '2021-12-15 20:13:45', 1);

INSERT INTO sis.UNIV_FACULTY (FACULTY_ID, NAME, STATUS, CREATED_DATE, CREATED_USER_ID)
VALUES (13, 'VETERİNERLİK FAKÜLTESİ', 'ACTIVE', '2021-12-15 20:13:45', 1);

INSERT INTO sis.UNIV_FACULTY (FACULTY_ID, NAME, STATUS, CREATED_DATE, CREATED_USER_ID)
VALUES (14, 'ZİRAAT FAKÜLTESİ', 'ACTIVE', '2021-12-15 20:13:45', 1);

INSERT INTO sis.UNIV_FACULTY (FACULTY_ID, NAME, STATUS, CREATED_DATE, CREATED_USER_ID)
VALUES (15, 'EĞİTİM FAKÜLTESİ', 'ACTIVE', '2021-12-15 20:13:45', 1);

INSERT INTO sis.UNIV_FACULTY (FACULTY_ID, NAME, STATUS, CREATED_DATE, CREATED_USER_ID)
VALUES (16, 'GÜZEL SANATLAR FAKÜLTESİ', 'ACTIVE', '2021-12-15 20:13:45', 1);

INSERT INTO sis.UNIV_FACULTY (FACULTY_ID, NAME, STATUS, CREATED_DATE, CREATED_USER_ID)
VALUES (17, 'TURİZM FAKÜLTESİ', 'ACTIVE', '2021-12-15 20:13:45', 1);

INSERT INTO sis.UNIV_FACULTY (FACULTY_ID, NAME, STATUS, CREATED_DATE, CREATED_USER_ID)
VALUES (18, 'SPOR BİLİMLERİ FAKÜLTESİ', 'ACTIVE', '2021-12-15 20:13:45', 1);

INSERT INTO sis.UNIV_FACULTY (FACULTY_ID, NAME, STATUS, CREATED_DATE, CREATED_USER_ID)
VALUES (19, 'FEN VE EDEBİYAT FAKÜLTESİ', 'ACTIVE', '2021-12-15 20:13:45', 1);


# --------------------------------------------
# Insert SQL for Table UNIV_DEPARTMENT
# --------------------------------------------
INSERT INTO sis.UNIV_DEPARTMENT (DEPARTMENT_ID, FACULTY_ID, NAME, STATUS, TOTAL_CLASS_LEVEL, IS_THERE_PREPARATORY_CLASS,
                                 CREATED_DATE, CREATED_USER_ID)
VALUES (11011, 11, 'Elektrik Elektronik Mühendisliği', 'ACTIVE', 4, 0, '2021-12-15 20:13:45', 1);

INSERT INTO sis.UNIV_DEPARTMENT (DEPARTMENT_ID, FACULTY_ID, NAME, STATUS, TOTAL_CLASS_LEVEL, IS_THERE_PREPARATORY_CLASS,
                                 CREATED_DATE, CREATED_USER_ID)
VALUES (11012, 11, 'Bilgisayar Mühendisliği', 'ACTIVE', 4, 0, '2021-12-15 20:13:45', 1);

INSERT INTO sis.UNIV_DEPARTMENT (DEPARTMENT_ID, FACULTY_ID, NAME, STATUS, TOTAL_CLASS_LEVEL, IS_THERE_PREPARATORY_CLASS,
                                 CREATED_DATE, CREATED_USER_ID)
VALUES (10020, 10, 'Fizyoterapi ve Rehabilitasyon', 'ACTIVE', 4, 1, '2021-12-15 20:13:45', 1);

INSERT INTO sis.UNIV_DEPARTMENT (DEPARTMENT_ID, FACULTY_ID, NAME, STATUS, TOTAL_CLASS_LEVEL, IS_THERE_PREPARATORY_CLASS,
                                 CREATED_DATE, CREATED_USER_ID)
VALUES (10021, 10, 'Tıp Bölümü', 'ACTIVE', 4, 1, '2021-12-15 20:13:45', 1);

INSERT INTO sis.UNIV_DEPARTMENT (DEPARTMENT_ID, FACULTY_ID, NAME, STATUS, TOTAL_CLASS_LEVEL, IS_THERE_PREPARATORY_CLASS,
                                 CREATED_DATE, CREATED_USER_ID)
VALUES (12032, 12, 'Hukuk Bölümü', 'ACTIVE', 4, 1, '2021-12-15 20:13:45', 1);

INSERT INTO sis.UNIV_DEPARTMENT (DEPARTMENT_ID, FACULTY_ID, NAME, STATUS, TOTAL_CLASS_LEVEL, IS_THERE_PREPARATORY_CLASS,
                                 CREATED_DATE, CREATED_USER_ID)
VALUES (13041, 13, 'Veterinerlik Bölümü', 'ACTIVE', 4, 0, '2021-12-15 20:13:45', 1);

INSERT INTO sis.UNIV_DEPARTMENT (DEPARTMENT_ID, FACULTY_ID, NAME, STATUS, TOTAL_CLASS_LEVEL, IS_THERE_PREPARATORY_CLASS,
                                 CREATED_DATE, CREATED_USER_ID)
VALUES (14045, 14, 'Tarım Makinaları ve Teknolojileri Mühendisliği', 'ACTIVE', 4, 0, '2021-12-15 20:13:45', 1);

INSERT INTO sis.UNIV_DEPARTMENT (DEPARTMENT_ID, FACULTY_ID, NAME, STATUS, TOTAL_CLASS_LEVEL, IS_THERE_PREPARATORY_CLASS,
                                 CREATED_DATE, CREATED_USER_ID)
VALUES (15050, 15, 'İngilizce Öğretmenliği', 'ACTIVE', 4, 1, '2021-12-15 20:13:45', 1);

INSERT INTO sis.UNIV_DEPARTMENT (DEPARTMENT_ID, FACULTY_ID, NAME, STATUS, TOTAL_CLASS_LEVEL, IS_THERE_PREPARATORY_CLASS,
                                 CREATED_DATE, CREATED_USER_ID)
VALUES (16063, 16, 'Konservatuar Bölümü', 'ACTIVE', 4, 0, '2021-12-15 20:13:45', 1);

INSERT INTO sis.UNIV_DEPARTMENT (DEPARTMENT_ID, FACULTY_ID, NAME, STATUS, TOTAL_CLASS_LEVEL, IS_THERE_PREPARATORY_CLASS,
                                 CREATED_DATE, CREATED_USER_ID)
VALUES (17076, 17, 'Gastronomi ve Mutfak Sanatları Bölümü', 'ACTIVE', 4, 0, '2021-12-15 20:13:45', 1);

INSERT INTO sis.UNIV_DEPARTMENT (DEPARTMENT_ID, FACULTY_ID, NAME, STATUS, TOTAL_CLASS_LEVEL, IS_THERE_PREPARATORY_CLASS,
                                 CREATED_DATE, CREATED_USER_ID)
VALUES (18082, 18, 'Beden Eğitimi Öğretmenliği', 'ACTIVE', 4, 0, '2021-12-15 20:13:45', 1);

INSERT INTO sis.UNIV_DEPARTMENT (DEPARTMENT_ID, FACULTY_ID, NAME, STATUS, TOTAL_CLASS_LEVEL, IS_THERE_PREPARATORY_CLASS,
                                 CREATED_DATE, CREATED_USER_ID)
VALUES (19094, 19, 'Türk Dili ve Edebiyatı', 'ACTIVE', 4, 1, '2021-12-15 20:13:45', 1);



# --------------------------------------------
# Insert SQL for Table UNIV_LESSON
# --------------------------------------------
INSERT INTO sis.UNIV_LESSON (LESSON_ID, DEPARTMENT_ID, NAME, SEMESTER, CREDIT, THEORETICAL_HOURS, PRACTICE_HOURS,
                             COMPULSORY_OR_ELECTIVE, STATUS, CREATED_DATE, CREATED_USER_ID)
VALUES (11012001, 11012, 'Bilgisayar Mühendisliğine Giriş', 'FIRST', 2, 2, 2, 'COMPULSORY', 'ACTIVE',
        '2021-12-15 20:13:45', 1);

INSERT INTO sis.UNIV_LESSON (LESSON_ID, DEPARTMENT_ID, NAME, SEMESTER, CREDIT, THEORETICAL_HOURS, PRACTICE_HOURS,
                             COMPULSORY_OR_ELECTIVE, STATUS, CREATED_DATE, CREATED_USER_ID)
VALUES (11012002, 11012, 'Fizik I', 'FIRST', 2, 4, 0, 'COMPULSORY', 'ACTIVE', '2021-12-15 20:13:45', 1);

INSERT INTO sis.UNIV_LESSON (LESSON_ID, DEPARTMENT_ID, NAME, SEMESTER, CREDIT, THEORETICAL_HOURS, PRACTICE_HOURS,
                             COMPULSORY_OR_ELECTIVE, STATUS, CREATED_DATE, CREATED_USER_ID)
VALUES (11012003, 11012, 'Matematik I', 'FIRST', 4, 4, 0, 'COMPULSORY', 'ACTIVE', '2021-12-15 20:13:45', 1);

INSERT INTO sis.UNIV_LESSON (LESSON_ID, DEPARTMENT_ID, NAME, SEMESTER, CREDIT, THEORETICAL_HOURS, PRACTICE_HOURS,
                             COMPULSORY_OR_ELECTIVE, STATUS, CREATED_DATE, CREATED_USER_ID)
VALUES (11012004, 11012, 'Fizik II', 'SECOND', 3, 4, 0, 'COMPULSORY', 'ACTIVE', '2021-12-15 20:13:45', 1);

INSERT INTO sis.UNIV_LESSON (LESSON_ID, DEPARTMENT_ID, NAME, SEMESTER, CREDIT, THEORETICAL_HOURS, PRACTICE_HOURS,
                             COMPULSORY_OR_ELECTIVE, STATUS, CREATED_DATE, CREATED_USER_ID)
VALUES (11012005, 11012, 'Matematik II', 'SECOND', 4, 4, 0, 'COMPULSORY', 'ACTIVE', '2021-12-15 20:13:45', 1);

INSERT INTO sis.UNIV_LESSON (LESSON_ID, DEPARTMENT_ID, NAME, SEMESTER, CREDIT, THEORETICAL_HOURS, PRACTICE_HOURS,
                             COMPULSORY_OR_ELECTIVE, STATUS, CREATED_DATE, CREATED_USER_ID)
VALUES (11012006, 11012, 'Veri Yapıları', 'THIRD', 4, 2, 2, 'COMPULSORY', 'ACTIVE', '2021-12-15 20:13:45', 1);

INSERT INTO sis.UNIV_LESSON (LESSON_ID, DEPARTMENT_ID, NAME, SEMESTER, CREDIT, THEORETICAL_HOURS, PRACTICE_HOURS,
                             COMPULSORY_OR_ELECTIVE, STATUS, CREATED_DATE, CREATED_USER_ID)
VALUES (11012010, 11012, 'Nesneye Dayalı Programlama', 'FOURTH', 4, 3, 2, 'COMPULSORY', 'ACTIVE', '2021-12-15 20:13:45',
        1);

INSERT INTO sis.UNIV_LESSON (LESSON_ID, DEPARTMENT_ID, NAME, SEMESTER, CREDIT, THEORETICAL_HOURS, PRACTICE_HOURS,
                             COMPULSORY_OR_ELECTIVE, STATUS, CREATED_DATE, CREATED_USER_ID)
VALUES (11012008, 11012, 'Bilgisayar Ağları I', 'FIFTH', 4, 2, 2, 'COMPULSORY', 'ACTIVE', '2021-12-15 20:13:45', 1);

INSERT INTO sis.UNIV_LESSON (LESSON_ID, DEPARTMENT_ID, NAME, SEMESTER, CREDIT, THEORETICAL_HOURS, PRACTICE_HOURS,
                             COMPULSORY_OR_ELECTIVE, STATUS, CREATED_DATE, CREATED_USER_ID)
VALUES (11012009, 11012, 'Sayısal Bilgisayar Tasarımı', 'FIFTH', 4, 3, 0, 'COMPULSORY', 'ACTIVE', '2021-12-15 20:13:45',
        1);

INSERT INTO sis.UNIV_LESSON (LESSON_ID, DEPARTMENT_ID, NAME, SEMESTER, CREDIT, THEORETICAL_HOURS, PRACTICE_HOURS,
                             COMPULSORY_OR_ELECTIVE, STATUS, CREATED_DATE, CREATED_USER_ID)
VALUES (11012011, 11012, 'Bilgisayar Mimarisi', 'SIXTH', 4, 3, 0, 'COMPULSORY', 'ACTIVE', '2021-12-15 20:13:45', 1);

INSERT INTO sis.UNIV_LESSON (LESSON_ID, DEPARTMENT_ID, NAME, SEMESTER, CREDIT, THEORETICAL_HOURS, PRACTICE_HOURS,
                             COMPULSORY_OR_ELECTIVE, STATUS, CREATED_DATE, CREATED_USER_ID)
VALUES (11012012, 11012, 'Sinyaller ve Sistemler', 'SIXTH', 4, 3, 0, 'COMPULSORY', 'ACTIVE', '2021-12-15 20:13:45', 1);

INSERT INTO sis.UNIV_LESSON (LESSON_ID, DEPARTMENT_ID, NAME, SEMESTER, CREDIT, THEORETICAL_HOURS, PRACTICE_HOURS,
                             COMPULSORY_OR_ELECTIVE, STATUS, CREATED_DATE, CREATED_USER_ID)
VALUES (11012013, 11012, 'Sayısal Görüntü İşleme', 'SEVENTH', 4, 3, 0, 'ELECTIVE', 'ACTIVE', '2021-12-15 20:13:45', 1);

INSERT INTO sis.UNIV_LESSON (LESSON_ID, DEPARTMENT_ID, NAME, SEMESTER, CREDIT, THEORETICAL_HOURS, PRACTICE_HOURS,
                             COMPULSORY_OR_ELECTIVE, STATUS, CREATED_DATE, CREATED_USER_ID)
VALUES (11012014, 11012, 'Biyomedikal Veri İşleme', 'SEVENTH', 4, 3, 0, 'ELECTIVE', 'ACTIVE', '2021-12-15 20:13:45', 1);

INSERT INTO sis.UNIV_LESSON (LESSON_ID, DEPARTMENT_ID, NAME, SEMESTER, CREDIT, THEORETICAL_HOURS, PRACTICE_HOURS,
                             COMPULSORY_OR_ELECTIVE, STATUS, CREATED_DATE, CREATED_USER_ID)
VALUES (11012015, 11012, 'Yapay Sinir Ağları', 'EIGHTH', 4, 3, 0, 'ELECTIVE', 'ACTIVE', '2021-12-15 20:13:45', 1);

INSERT INTO sis.UNIV_LESSON (LESSON_ID, DEPARTMENT_ID, NAME, SEMESTER, CREDIT, THEORETICAL_HOURS, PRACTICE_HOURS,
                             COMPULSORY_OR_ELECTIVE, STATUS, CREATED_DATE, CREATED_USER_ID)
VALUES (11012016, 11012, 'Bitirme Tezi', 'EIGHTH', 4, 0, 2, 'COMPULSORY', 'ACTIVE', '2021-12-15 20:13:45', 1);

INSERT INTO sis.UNIV_LESSON (LESSON_ID, DEPARTMENT_ID, NAME, SEMESTER, CREDIT, THEORETICAL_HOURS, PRACTICE_HOURS,
                             COMPULSORY_OR_ELECTIVE, STATUS, CREATED_DATE, CREATED_USER_ID)
VALUES (11011007, 11011, 'İngilizce I', 'FIRST', 3, 3, 0, 'COMPULSORY', 'ACTIVE', '2021-12-15 20:13:45', 1);

INSERT INTO sis.UNIV_LESSON (LESSON_ID, DEPARTMENT_ID, NAME, SEMESTER, CREDIT, THEORETICAL_HOURS, PRACTICE_HOURS,
                             COMPULSORY_OR_ELECTIVE, STATUS, CREATED_DATE, CREATED_USER_ID)
VALUES (11011010, 11011, 'Kimya', 'FIRST', 4, 4, 0, 'COMPULSORY', 'ACTIVE', '2021-12-15 20:13:45', 1);

INSERT INTO sis.UNIV_LESSON (LESSON_ID, DEPARTMENT_ID, NAME, SEMESTER, CREDIT, THEORETICAL_HOURS, PRACTICE_HOURS,
                             COMPULSORY_OR_ELECTIVE, STATUS, CREATED_DATE, CREATED_USER_ID)
VALUES (11011011, 11011, 'Bilgisayar Destekli Teknik Resim', 'FIRST', 3, 2, 1, 'COMPULSORY', 'ACTIVE',
        '2021-12-15 20:13:45', 1);

INSERT INTO sis.UNIV_LESSON (LESSON_ID, DEPARTMENT_ID, NAME, SEMESTER, CREDIT, THEORETICAL_HOURS, PRACTICE_HOURS,
                             COMPULSORY_OR_ELECTIVE, STATUS, CREATED_DATE, CREATED_USER_ID)
VALUES (11011012, 11011, 'Elektrik Mühendisliğine Giriş', 'SECOND', 0, 1, 0, 'COMPULSORY', 'ACTIVE',
        '2021-12-15 20:13:45', 1);

INSERT INTO sis.UNIV_LESSON (LESSON_ID, DEPARTMENT_ID, NAME, SEMESTER, CREDIT, THEORETICAL_HOURS, PRACTICE_HOURS,
                             COMPULSORY_OR_ELECTIVE, STATUS, CREATED_DATE, CREATED_USER_ID)
VALUES (11011013, 11011, 'Malzeme Bilgisi', 'SECOND', 3, 3, 0, 'COMPULSORY', 'ACTIVE', '2021-12-15 20:13:45', 1);

INSERT INTO sis.UNIV_LESSON (LESSON_ID, DEPARTMENT_ID, NAME, SEMESTER, CREDIT, THEORETICAL_HOURS, PRACTICE_HOURS,
                             COMPULSORY_OR_ELECTIVE, STATUS, CREATED_DATE, CREATED_USER_ID)
VALUES (11011014, 11011, 'C Programlama Dili', 'THIRD', 3, 2, 2, 'COMPULSORY', 'ACTIVE', '2021-12-15 20:13:45', 1);

INSERT INTO sis.UNIV_LESSON (LESSON_ID, DEPARTMENT_ID, NAME, SEMESTER, CREDIT, THEORETICAL_HOURS, PRACTICE_HOURS,
                             COMPULSORY_OR_ELECTIVE, STATUS, CREATED_DATE, CREATED_USER_ID)
VALUES (11011015, 11011, 'Olasılık ve İstatistik', 'THIRD', 3, 3, 0, 'COMPULSORY', 'ACTIVE', '2021-12-15 20:13:45', 1);

INSERT INTO sis.UNIV_LESSON (LESSON_ID, DEPARTMENT_ID, NAME, SEMESTER, CREDIT, THEORETICAL_HOURS, PRACTICE_HOURS,
                             COMPULSORY_OR_ELECTIVE, STATUS, CREATED_DATE, CREATED_USER_ID)
VALUES (11011016, 11011, 'Mantıksal Devre Tasarımı', 'FOURTH', 4, 3, 2, 'COMPULSORY', 'ACTIVE', '2021-12-15 20:13:45',
        1);

INSERT INTO sis.UNIV_LESSON (LESSON_ID, DEPARTMENT_ID, NAME, SEMESTER, CREDIT, THEORETICAL_HOURS, PRACTICE_HOURS,
                             COMPULSORY_OR_ELECTIVE, STATUS, CREATED_DATE, CREATED_USER_ID)
VALUES (11011017, 11011, 'Elektroniğe Giriş', 'FOURTH', 5, 4, 2, 'COMPULSORY', 'ACTIVE', '2021-12-15 20:13:45', 1);

INSERT INTO sis.UNIV_LESSON (LESSON_ID, DEPARTMENT_ID, NAME, SEMESTER, CREDIT, THEORETICAL_HOURS, PRACTICE_HOURS,
                             COMPULSORY_OR_ELECTIVE, STATUS, CREATED_DATE, CREATED_USER_ID)
VALUES (11011018, 11011, 'Mikroişlemciler', 'FIFTH', 4, 3, 2, 'COMPULSORY', 'ACTIVE', '2021-12-15 20:13:45', 1);

INSERT INTO sis.UNIV_LESSON (LESSON_ID, DEPARTMENT_ID, NAME, SEMESTER, CREDIT, THEORETICAL_HOURS, PRACTICE_HOURS,
                             COMPULSORY_OR_ELECTIVE, STATUS, CREATED_DATE, CREATED_USER_ID)
VALUES (11011019, 11011, 'Analog ve Sayısal ELektronik', 'FIFTH', 5, 4, 2, 'COMPULSORY', 'ACTIVE',
        '2021-12-15 20:13:45', 1);

INSERT INTO sis.UNIV_LESSON (LESSON_ID, DEPARTMENT_ID, NAME, SEMESTER, CREDIT, THEORETICAL_HOURS, PRACTICE_HOURS,
                             COMPULSORY_OR_ELECTIVE, STATUS, CREATED_DATE, CREATED_USER_ID)
VALUES (11011020, 11011, 'Nümerik Analiz', 'SIXTH', 3, 3, 0, 'COMPULSORY', 'ACTIVE', '2021-12-15 20:13:45', 1);

INSERT INTO sis.UNIV_LESSON (LESSON_ID, DEPARTMENT_ID, NAME, SEMESTER, CREDIT, THEORETICAL_HOURS, PRACTICE_HOURS,
                             COMPULSORY_OR_ELECTIVE, STATUS, CREATED_DATE, CREATED_USER_ID)
VALUES (11011021, 11011, 'Kontrol Sistemleri I', 'SIXTH', 4, 3, 2, 'ELECTIVE', 'ACTIVE', '2021-12-15 20:13:45', 1);

INSERT INTO sis.UNIV_LESSON (LESSON_ID, DEPARTMENT_ID, NAME, SEMESTER, CREDIT, THEORETICAL_HOURS, PRACTICE_HOURS,
                             COMPULSORY_OR_ELECTIVE, STATUS, CREATED_DATE, CREATED_USER_ID)
VALUES (11011022, 11011, 'Lisans Araştırma Projesi', 'SEVENTH', 4, 2, 4, 'COMPULSORY', 'ACTIVE', '2021-12-15 20:13:45',
        1);

INSERT INTO sis.UNIV_LESSON (LESSON_ID, DEPARTMENT_ID, NAME, SEMESTER, CREDIT, THEORETICAL_HOURS, PRACTICE_HOURS,
                             COMPULSORY_OR_ELECTIVE, STATUS, CREATED_DATE, CREATED_USER_ID)
VALUES (11011023, 11011, 'Teknik Seçmeli I', 'SEVENTH', 3, 3, 0, 'ELECTIVE', 'ACTIVE', '2021-12-15 20:13:45', 1);

INSERT INTO sis.UNIV_LESSON (LESSON_ID, DEPARTMENT_ID, NAME, SEMESTER, CREDIT, THEORETICAL_HOURS, PRACTICE_HOURS,
                             COMPULSORY_OR_ELECTIVE, STATUS, CREATED_DATE, CREATED_USER_ID)
VALUES (11011024, 11011, 'Yüksek Gerilim Tekniği', 'EIGHTH', 4, 3, 2, 'COMPULSORY', 'ACTIVE', '2021-12-15 20:13:45', 1);

INSERT INTO sis.UNIV_LESSON (LESSON_ID, DEPARTMENT_ID, NAME, SEMESTER, CREDIT, THEORETICAL_HOURS, PRACTICE_HOURS,
                             COMPULSORY_OR_ELECTIVE, STATUS, CREATED_DATE, CREATED_USER_ID)
VALUES (11011025, 11011, 'Bitirme Ödevi', 'EIGHTH', 1, 0, 2, 'COMPULSORY', 'ACTIVE', '2021-12-15 20:13:45', 1);

INSERT INTO sis.UNIV_LESSON (LESSON_ID, DEPARTMENT_ID, NAME, SEMESTER, CREDIT, THEORETICAL_HOURS, PRACTICE_HOURS,
                             COMPULSORY_OR_ELECTIVE, STATUS, CREATED_DATE, CREATED_USER_ID)
VALUES (10020010, 10020, 'Anatomi I', 'FIRST', 3, 2, 2, 'COMPULSORY', 'ACTIVE', '2021-12-15 20:13:45', 1);

INSERT INTO sis.UNIV_LESSON (LESSON_ID, DEPARTMENT_ID, NAME, SEMESTER, CREDIT, THEORETICAL_HOURS, PRACTICE_HOURS,
                             COMPULSORY_OR_ELECTIVE, STATUS, CREATED_DATE, CREATED_USER_ID)
VALUES (10020011, 10020, 'Tıbbi Biyoloji ve Genetik', 'FIRST', 3, 3, 0, 'COMPULSORY', 'ACTIVE', '2021-12-15 20:13:45',
        1);

INSERT INTO sis.UNIV_LESSON (LESSON_ID, DEPARTMENT_ID, NAME, SEMESTER, CREDIT, THEORETICAL_HOURS, PRACTICE_HOURS,
                             COMPULSORY_OR_ELECTIVE, STATUS, CREATED_DATE, CREATED_USER_ID)
VALUES (10020012, 10020, 'Tıbbi İlkyardım', 'SECOND', 2, 2, 0, 'COMPULSORY', 'ACTIVE', '2021-12-15 20:13:45', 1);

INSERT INTO sis.UNIV_LESSON (LESSON_ID, DEPARTMENT_ID, NAME, SEMESTER, CREDIT, THEORETICAL_HOURS, PRACTICE_HOURS,
                             COMPULSORY_OR_ELECTIVE, STATUS, CREATED_DATE, CREATED_USER_ID)
VALUES (10020013, 10020, 'Rehabilitasyon Teknoloji', 'SECOND', 2, 2, 0, 'COMPULSORY', 'ACTIVE', '2021-12-15 20:13:45',
        1);

INSERT INTO sis.UNIV_LESSON (LESSON_ID, DEPARTMENT_ID, NAME, SEMESTER, CREDIT, THEORETICAL_HOURS, PRACTICE_HOURS,
                             COMPULSORY_OR_ELECTIVE, STATUS, CREATED_DATE, CREATED_USER_ID)
VALUES (10020014, 10020, 'Klinik Ortopedi', 'THIRD', 1, 1, 0, 'COMPULSORY', 'ACTIVE', '2021-12-15 20:13:45', 1);

INSERT INTO sis.UNIV_LESSON (LESSON_ID, DEPARTMENT_ID, NAME, SEMESTER, CREDIT, THEORETICAL_HOURS, PRACTICE_HOURS,
                             COMPULSORY_OR_ELECTIVE, STATUS, CREATED_DATE, CREATED_USER_ID)
VALUES (10020015, 10020, 'Biyoistatistik', 'THIRD', 2, 2, 0, 'COMPULSORY', 'ACTIVE', '2021-12-15 20:13:45', 1);

INSERT INTO sis.UNIV_LESSON (LESSON_ID, DEPARTMENT_ID, NAME, SEMESTER, CREDIT, THEORETICAL_HOURS, PRACTICE_HOURS,
                             COMPULSORY_OR_ELECTIVE, STATUS, CREATED_DATE, CREATED_USER_ID)
VALUES (10020016, 10020, 'Patoloji', 'FOURTH', 2, 2, 0, 'COMPULSORY', 'ACTIVE', '2021-12-15 20:13:45', 1);

INSERT INTO sis.UNIV_LESSON (LESSON_ID, DEPARTMENT_ID, NAME, SEMESTER, CREDIT, THEORETICAL_HOURS, PRACTICE_HOURS,
                             COMPULSORY_OR_ELECTIVE, STATUS, CREATED_DATE, CREATED_USER_ID)
VALUES (10020017, 10020, 'Terapatik Egzersiz', 'FOURTH', 3, 1, 4, 'COMPULSORY', 'ACTIVE', '2021-12-15 20:13:45', 1);

INSERT INTO sis.UNIV_LESSON (LESSON_ID, DEPARTMENT_ID, NAME, SEMESTER, CREDIT, THEORETICAL_HOURS, PRACTICE_HOURS,
                             COMPULSORY_OR_ELECTIVE, STATUS, CREATED_DATE, CREATED_USER_ID)
VALUES (10020018, 10020, 'Pediatrik Fizyoterapi', 'FIFTH', 2, 2, 0, 'COMPULSORY', 'ACTIVE', '2021-12-15 20:13:45', 1);

INSERT INTO sis.UNIV_LESSON (LESSON_ID, DEPARTMENT_ID, NAME, SEMESTER, CREDIT, THEORETICAL_HOURS, PRACTICE_HOURS,
                             COMPULSORY_OR_ELECTIVE, STATUS, CREATED_DATE, CREATED_USER_ID)
VALUES (10020019, 10020, 'Doğum ve Kadın Hastalıkları', 'FIFTH', 1, 1, 0, 'COMPULSORY', 'ACTIVE', '2021-12-15 20:13:45',
        1);

INSERT INTO sis.UNIV_LESSON (LESSON_ID, DEPARTMENT_ID, NAME, SEMESTER, CREDIT, THEORETICAL_HOURS, PRACTICE_HOURS,
                             COMPULSORY_OR_ELECTIVE, STATUS, CREATED_DATE, CREATED_USER_ID)
VALUES (10020020, 10020, 'Ergoterapi', 'SIXTH', 2, 1, 2, 'COMPULSORY', 'ACTIVE', '2021-12-15 20:13:45', 1);

INSERT INTO sis.UNIV_LESSON (LESSON_ID, DEPARTMENT_ID, NAME, SEMESTER, CREDIT, THEORETICAL_HOURS, PRACTICE_HOURS,
                             COMPULSORY_OR_ELECTIVE, STATUS, CREATED_DATE, CREATED_USER_ID)
VALUES (10020021, 10020, 'Geriatrik Fizyoterapi', 'SIXTH', 2, 1, 2, 'COMPULSORY', 'ACTIVE', '2021-12-15 20:13:45', 1);

INSERT INTO sis.UNIV_LESSON (LESSON_ID, DEPARTMENT_ID, NAME, SEMESTER, CREDIT, THEORETICAL_HOURS, PRACTICE_HOURS,
                             COMPULSORY_OR_ELECTIVE, STATUS, CREATED_DATE, CREATED_USER_ID)
VALUES (10020022, 10020, 'Fizyoterapide Klinik Problem Çözme I', 'SEVENTH', 2, 2, 0, 'COMPULSORY', 'ACTIVE',
        '2021-12-15 20:13:45', 1);

INSERT INTO sis.UNIV_LESSON (LESSON_ID, DEPARTMENT_ID, NAME, SEMESTER, CREDIT, THEORETICAL_HOURS, PRACTICE_HOURS,
                             COMPULSORY_OR_ELECTIVE, STATUS, CREATED_DATE, CREATED_USER_ID)
VALUES (10020023, 10020, 'Fizyoterapide Özel Konular I', 'SEVENTH', 2, 2, 0, 'COMPULSORY', 'ACTIVE',
        '2021-12-15 20:13:45', 1);

INSERT INTO sis.UNIV_LESSON (LESSON_ID, DEPARTMENT_ID, NAME, SEMESTER, CREDIT, THEORETICAL_HOURS, PRACTICE_HOURS,
                             COMPULSORY_OR_ELECTIVE, STATUS, CREATED_DATE, CREATED_USER_ID)
VALUES (10020024, 10020, 'Fizyoterapide Klinik Çözme II', 'EIGHTH', 2, 2, 0, 'COMPULSORY', 'ACTIVE',
        '2021-12-15 20:13:45', 1);

INSERT INTO sis.UNIV_LESSON (LESSON_ID, DEPARTMENT_ID, NAME, SEMESTER, CREDIT, THEORETICAL_HOURS, PRACTICE_HOURS,
                             COMPULSORY_OR_ELECTIVE, STATUS, CREATED_DATE, CREATED_USER_ID)
VALUES (10020025, 10020, 'FizyoTerapide Özel Konular II', 'EIGHTH', 2, 2, 0, 'COMPULSORY', 'ACTIVE',
        '2021-12-15 20:13:45', 1);

INSERT INTO sis.UNIV_LESSON (LESSON_ID, DEPARTMENT_ID, NAME, SEMESTER, CREDIT, THEORETICAL_HOURS, PRACTICE_HOURS,
                             COMPULSORY_OR_ELECTIVE, STATUS, CREATED_DATE, CREATED_USER_ID)
VALUES (10021020, 10021, 'Tıbbi Terminoloji', 'FIRST', 3, 2, 0, 'ELECTIVE', 'ACTIVE', '2021-12-15 20:13:45', 1);

INSERT INTO sis.UNIV_LESSON (LESSON_ID, DEPARTMENT_ID, NAME, SEMESTER, CREDIT, THEORETICAL_HOURS, PRACTICE_HOURS,
                             COMPULSORY_OR_ELECTIVE, STATUS, CREATED_DATE, CREATED_USER_ID)
VALUES (10021021, 10021, 'Bilim Tarihi', 'FIRST', 3, 2, 0, 'ELECTIVE', 'ACTIVE', '2021-12-15 20:13:45', 1);

INSERT INTO sis.UNIV_LESSON (LESSON_ID, DEPARTMENT_ID, NAME, SEMESTER, CREDIT, THEORETICAL_HOURS, PRACTICE_HOURS,
                             COMPULSORY_OR_ELECTIVE, STATUS, CREATED_DATE, CREATED_USER_ID)
VALUES (10021022, 10021, 'Tıbbi Fotorafçılık', 'FIRST', 2, 1, 1, 'ELECTIVE', 'ACTIVE', '2021-12-15 20:13:45', 1);

INSERT INTO sis.UNIV_LESSON (LESSON_ID, DEPARTMENT_ID, NAME, SEMESTER, CREDIT, THEORETICAL_HOURS, PRACTICE_HOURS,
                             COMPULSORY_OR_ELECTIVE, STATUS, CREATED_DATE, CREATED_USER_ID)
VALUES (10021023, 10021, 'Kişilerarası İlişkiler', 'SECOND', 2, 2, 0, 'ELECTIVE', 'ACTIVE', '2021-12-15 20:13:45', 1);

INSERT INTO sis.UNIV_LESSON (LESSON_ID, DEPARTMENT_ID, NAME, SEMESTER, CREDIT, THEORETICAL_HOURS, PRACTICE_HOURS,
                             COMPULSORY_OR_ELECTIVE, STATUS, CREATED_DATE, CREATED_USER_ID)
VALUES (10021024, 10021, 'Ders Kurulu Bloğu II', 'SECOND', 2, 1, 1, 'COMPULSORY', 'ACTIVE', '2021-12-15 20:13:45', 1);

INSERT INTO sis.UNIV_LESSON (LESSON_ID, DEPARTMENT_ID, NAME, SEMESTER, CREDIT, THEORETICAL_HOURS, PRACTICE_HOURS,
                             COMPULSORY_OR_ELECTIVE, STATUS, CREATED_DATE, CREATED_USER_ID)
VALUES (10021025, 10021, 'Ders Kurulu Bloğu III', 'THIRD', 2, 1, 1, 'COMPULSORY', 'ACTIVE', '2021-12-15 20:13:45', 1);

INSERT INTO sis.UNIV_LESSON (LESSON_ID, DEPARTMENT_ID, NAME, SEMESTER, CREDIT, THEORETICAL_HOURS, PRACTICE_HOURS,
                             COMPULSORY_OR_ELECTIVE, STATUS, CREATED_DATE, CREATED_USER_ID)
VALUES (10021026, 10021, 'Tıp Sosyolojisi', 'THIRD', 2, 2, 0, 'ELECTIVE', 'ACTIVE', '2021-12-15 20:13:45', 1);

INSERT INTO sis.UNIV_LESSON (LESSON_ID, DEPARTMENT_ID, NAME, SEMESTER, CREDIT, THEORETICAL_HOURS, PRACTICE_HOURS,
                             COMPULSORY_OR_ELECTIVE, STATUS, CREATED_DATE, CREATED_USER_ID)
VALUES (10021027, 10021, 'İç Hastalıkları Stajı', 'FOURTH', 1, 1, 2, 'COMPULSORY', 'ACTIVE', '2021-12-15 20:13:45', 1);

INSERT INTO sis.UNIV_LESSON (LESSON_ID, DEPARTMENT_ID, NAME, SEMESTER, CREDIT, THEORETICAL_HOURS, PRACTICE_HOURS,
                             COMPULSORY_OR_ELECTIVE, STATUS, CREATED_DATE, CREATED_USER_ID)
VALUES (10021028, 10021, 'Üroloji', 'FOURTH', 2, 1, 1, 'COMPULSORY', 'ACTIVE', '2021-12-15 20:13:45', 1);

INSERT INTO sis.UNIV_LESSON (LESSON_ID, DEPARTMENT_ID, NAME, SEMESTER, CREDIT, THEORETICAL_HOURS, PRACTICE_HOURS,
                             COMPULSORY_OR_ELECTIVE, STATUS, CREATED_DATE, CREATED_USER_ID)
VALUES (10021029, 10021, 'Adli Tıp', 'FIFTH', 2, 1, 1, 'COMPULSORY', 'ACTIVE', '2021-12-15 20:13:45', 1);

INSERT INTO sis.UNIV_LESSON (LESSON_ID, DEPARTMENT_ID, NAME, SEMESTER, CREDIT, THEORETICAL_HOURS, PRACTICE_HOURS,
                             COMPULSORY_OR_ELECTIVE, STATUS, CREATED_DATE, CREATED_USER_ID)
VALUES (10021030, 10021, 'Ortopedi ve Travmatoloji', 'FIFTH', 2, 1, 1, 'COMPULSORY', 'ACTIVE', '2021-12-15 20:13:45',
        1);

INSERT INTO sis.UNIV_LESSON (LESSON_ID, DEPARTMENT_ID, NAME, SEMESTER, CREDIT, THEORETICAL_HOURS, PRACTICE_HOURS,
                             COMPULSORY_OR_ELECTIVE, STATUS, CREATED_DATE, CREATED_USER_ID)
VALUES (10021031, 10021, 'Genel Cerrahi', 'SIXTH', 2, 1, 1, 'COMPULSORY', 'ACTIVE', '2021-12-15 20:13:45', 1);

INSERT INTO sis.UNIV_LESSON (LESSON_ID, DEPARTMENT_ID, NAME, SEMESTER, CREDIT, THEORETICAL_HOURS, PRACTICE_HOURS,
                             COMPULSORY_OR_ELECTIVE, STATUS, CREATED_DATE, CREATED_USER_ID)
VALUES (10021032, 10021, 'Çocuk Sağlığı ve Hastalıkları', 'SIXTH', 2, 1, 1, 'ELECTIVE', 'ACTIVE',
        '2021-12-15 20:13:45', 1);

INSERT INTO sis.UNIV_LESSON (LESSON_ID, DEPARTMENT_ID, NAME, SEMESTER, CREDIT, THEORETICAL_HOURS, PRACTICE_HOURS,
                             COMPULSORY_OR_ELECTIVE, STATUS, CREATED_DATE, CREATED_USER_ID)
VALUES (12032030, 12032, 'Medeni Hukuk I', 'FIRST', 4, 4, 0, 'COMPULSORY', 'ACTIVE', '2021-12-15 20:13:45', 1);

INSERT INTO sis.UNIV_LESSON (LESSON_ID, DEPARTMENT_ID, NAME, SEMESTER, CREDIT, THEORETICAL_HOURS, PRACTICE_HOURS,
                             COMPULSORY_OR_ELECTIVE, STATUS, CREATED_DATE, CREATED_USER_ID)
VALUES (12032031, 12032, 'Anayasa Hukuku I', 'FIRST', 4, 4, 0, 'COMPULSORY', 'ACTIVE', '2021-12-15 20:13:45', 1);

INSERT INTO sis.UNIV_LESSON (LESSON_ID, DEPARTMENT_ID, NAME, SEMESTER, CREDIT, THEORETICAL_HOURS, PRACTICE_HOURS,
                             COMPULSORY_OR_ELECTIVE, STATUS, CREATED_DATE, CREATED_USER_ID)
VALUES (12032032, 12032, 'Medeni Hukuku II', 'SECOND', 4, 4, 0, 'COMPULSORY', 'ACTIVE', '2021-12-15 20:13:45', 1);

INSERT INTO sis.UNIV_LESSON (LESSON_ID, DEPARTMENT_ID, NAME, SEMESTER, CREDIT, THEORETICAL_HOURS, PRACTICE_HOURS,
                             COMPULSORY_OR_ELECTIVE, STATUS, CREATED_DATE, CREATED_USER_ID)
VALUES (12032033, 12032, 'Anayasa Hukuku II', 'SECOND', 4, 4, 0, 'COMPULSORY', 'ACTIVE', '2021-12-15 20:13:45', 1);

INSERT INTO sis.UNIV_LESSON (LESSON_ID, DEPARTMENT_ID, NAME, SEMESTER, CREDIT, THEORETICAL_HOURS, PRACTICE_HOURS,
                             COMPULSORY_OR_ELECTIVE, STATUS, CREATED_DATE, CREATED_USER_ID)
VALUES (12032034, 12032, 'Borçlar Hukuku I', 'THIRD', 4, 4, 0, 'COMPULSORY', 'ACTIVE', '2021-12-15 20:13:45', 1);

INSERT INTO sis.UNIV_LESSON (LESSON_ID, DEPARTMENT_ID, NAME, SEMESTER, CREDIT, THEORETICAL_HOURS, PRACTICE_HOURS,
                             COMPULSORY_OR_ELECTIVE, STATUS, CREATED_DATE, CREATED_USER_ID)
VALUES (12032035, 12032, 'Ceza Hukuku I', 'THIRD', 4, 4, 0, 'COMPULSORY', 'ACTIVE', '2021-12-15 20:13:45', 1);

INSERT INTO sis.UNIV_LESSON (LESSON_ID, DEPARTMENT_ID, NAME, SEMESTER, CREDIT, THEORETICAL_HOURS, PRACTICE_HOURS,
                             COMPULSORY_OR_ELECTIVE, STATUS, CREATED_DATE, CREATED_USER_ID)
VALUES (12032036, 12032, 'Borçlar Hukuku II', 'FOURTH', 4, 4, 0, 'COMPULSORY', 'ACTIVE', '2021-12-15 20:13:45', 1);

INSERT INTO sis.UNIV_LESSON (LESSON_ID, DEPARTMENT_ID, NAME, SEMESTER, CREDIT, THEORETICAL_HOURS, PRACTICE_HOURS,
                             COMPULSORY_OR_ELECTIVE, STATUS, CREATED_DATE, CREATED_USER_ID)
VALUES (12032037, 12032, 'Ceza Hukuku II', 'FOURTH', 4, 4, 0, 'COMPULSORY', 'ACTIVE', '2021-12-15 20:13:45', 1);

INSERT INTO sis.UNIV_LESSON (LESSON_ID, DEPARTMENT_ID, NAME, SEMESTER, CREDIT, THEORETICAL_HOURS, PRACTICE_HOURS,
                             COMPULSORY_OR_ELECTIVE, STATUS, CREATED_DATE, CREATED_USER_ID)
VALUES (12032038, 12032, 'Ticari İşletme Hukuku', 'FIFTH', 3, 3, 0, 'COMPULSORY', 'ACTIVE', '2021-12-15 20:13:45', 1);

INSERT INTO sis.UNIV_LESSON (LESSON_ID, DEPARTMENT_ID, NAME, SEMESTER, CREDIT, THEORETICAL_HOURS, PRACTICE_HOURS,
                             COMPULSORY_OR_ELECTIVE, STATUS, CREATED_DATE, CREATED_USER_ID)
VALUES (12032039, 12032, 'Hukuk Felsefesi', 'FIFTH', 2, 2, 0, 'COMPULSORY', 'ACTIVE', '2021-12-15 20:13:45', 1);

INSERT INTO sis.UNIV_LESSON (LESSON_ID, DEPARTMENT_ID, NAME, SEMESTER, CREDIT, THEORETICAL_HOURS, PRACTICE_HOURS,
                             COMPULSORY_OR_ELECTIVE, STATUS, CREATED_DATE, CREATED_USER_ID)
VALUES (12032040, 12032, 'Hukuk Sosyolojisi', 'SIXTH', 3, 2, 0, 'COMPULSORY', 'ACTIVE', '2021-12-15 20:13:45', 1);

INSERT INTO sis.UNIV_LESSON (LESSON_ID, DEPARTMENT_ID, NAME, SEMESTER, CREDIT, THEORETICAL_HOURS, PRACTICE_HOURS,
                             COMPULSORY_OR_ELECTIVE, STATUS, CREATED_DATE, CREATED_USER_ID)
VALUES (12032041, 12032, 'Ortaklıklar Hukuku', 'SIXTH', 3, 3, 0, 'COMPULSORY', 'ACTIVE', '2021-12-15 20:13:45', 1);

INSERT INTO sis.UNIV_LESSON (LESSON_ID, DEPARTMENT_ID, NAME, SEMESTER, CREDIT, THEORETICAL_HOURS, PRACTICE_HOURS,
                             COMPULSORY_OR_ELECTIVE, STATUS, CREATED_DATE, CREATED_USER_ID)
VALUES (12032042, 12032, 'İş Hukuku', 'SEVENTH', 3, 3, 0, 'COMPULSORY', 'ACTIVE', '2021-12-15 20:13:45', 1);

INSERT INTO sis.UNIV_LESSON (LESSON_ID, DEPARTMENT_ID, NAME, SEMESTER, CREDIT, THEORETICAL_HOURS, PRACTICE_HOURS,
                             COMPULSORY_OR_ELECTIVE, STATUS, CREATED_DATE, CREATED_USER_ID)
VALUES (12032043, 12032, 'Sigorta Hukuku', 'SEVENTH', 3, 3, 0, 'COMPULSORY', 'ACTIVE', '2021-12-15 20:13:45', 1);

INSERT INTO sis.UNIV_LESSON (LESSON_ID, DEPARTMENT_ID, NAME, SEMESTER, CREDIT, THEORETICAL_HOURS, PRACTICE_HOURS,
                             COMPULSORY_OR_ELECTIVE, STATUS, CREATED_DATE, CREATED_USER_ID)
VALUES (12032044, 12032, 'Miras Hukuku', 'EIGHTH', 3, 3, 0, 'COMPULSORY', 'ACTIVE', '2021-12-15 20:13:45', 1);

INSERT INTO sis.UNIV_LESSON (LESSON_ID, DEPARTMENT_ID, NAME, SEMESTER, CREDIT, THEORETICAL_HOURS, PRACTICE_HOURS,
                             COMPULSORY_OR_ELECTIVE, STATUS, CREATED_DATE, CREATED_USER_ID)
VALUES (12032045, 12032, 'Sosyal Güvenlik Hukuku', 'EIGHTH', 2, 2, 0, 'COMPULSORY', 'ACTIVE', '2021-12-15 20:13:45', 1);

INSERT INTO sis.UNIV_LESSON (LESSON_ID, DEPARTMENT_ID, NAME, SEMESTER, CREDIT, THEORETICAL_HOURS, PRACTICE_HOURS,
                             COMPULSORY_OR_ELECTIVE, STATUS, CREATED_DATE, CREATED_USER_ID)
VALUES (13041040, 13041, 'İş Sağlığı ve Güvenliği', 'FIRST', 3, 2, 2, 'COMPULSORY', 'ACTIVE', '2021-12-15 20:13:45', 1);

INSERT INTO sis.UNIV_LESSON (LESSON_ID, DEPARTMENT_ID, NAME, SEMESTER, CREDIT, THEORETICAL_HOURS, PRACTICE_HOURS,
                             COMPULSORY_OR_ELECTIVE, STATUS, CREATED_DATE, CREATED_USER_ID)
VALUES (13041041, 13041, 'Medikal Fizik', 'FIRST', 1, 1, 0, 'COMPULSORY', 'ACTIVE', '2021-12-15 20:13:45', 1);

INSERT INTO sis.UNIV_LESSON (LESSON_ID, DEPARTMENT_ID, NAME, SEMESTER, CREDIT, THEORETICAL_HOURS, PRACTICE_HOURS,
                             COMPULSORY_OR_ELECTIVE, STATUS, CREATED_DATE, CREATED_USER_ID)
VALUES (13041042, 13041, 'Genetik', 'SECOND', 2, 2, 0, 'COMPULSORY', 'ACTIVE', '2021-12-15 20:13:45', 1);

INSERT INTO sis.UNIV_LESSON (LESSON_ID, DEPARTMENT_ID, NAME, SEMESTER, CREDIT, THEORETICAL_HOURS, PRACTICE_HOURS,
                             COMPULSORY_OR_ELECTIVE, STATUS, CREATED_DATE, CREATED_USER_ID)
VALUES (13041043, 13041, 'Veteriner Hekimliği ve Toplum İlişkileri', 'SECOND', 1, 1, 0, 'ELECTIVE', 'ACTIVE',
        '2021-12-15 20:13:45', 1);

INSERT INTO sis.UNIV_LESSON (LESSON_ID, DEPARTMENT_ID, NAME, SEMESTER, CREDIT, THEORETICAL_HOURS, PRACTICE_HOURS,
                             COMPULSORY_OR_ELECTIVE, STATUS, CREATED_DATE, CREATED_USER_ID)
VALUES (13041044, 13041, 'Embriyoloji', 'THIRD', 2, 2, 0, 'COMPULSORY', 'ACTIVE', '2021-12-15 20:13:45', 1);

INSERT INTO sis.UNIV_LESSON (LESSON_ID, DEPARTMENT_ID, NAME, SEMESTER, CREDIT, THEORETICAL_HOURS, PRACTICE_HOURS,
                             COMPULSORY_OR_ELECTIVE, STATUS, CREATED_DATE, CREATED_USER_ID)
VALUES (13041094, 13041, 'Entomoloji', 'THIRD', 3, 2, 2, 'COMPULSORY', 'ACTIVE', '2021-12-15 20:13:45', 1);

INSERT INTO sis.UNIV_LESSON (LESSON_ID, DEPARTMENT_ID, NAME, SEMESTER, CREDIT, THEORETICAL_HOURS, PRACTICE_HOURS,
                             COMPULSORY_OR_ELECTIVE, STATUS, CREATED_DATE, CREATED_USER_ID)
VALUES (13041045, 13041, 'İmmunoloji', 'FOURTH', 2, 2, 0, 'COMPULSORY', 'ACTIVE', '2021-12-15 20:13:45', 1);

INSERT INTO sis.UNIV_LESSON (LESSON_ID, DEPARTMENT_ID, NAME, SEMESTER, CREDIT, THEORETICAL_HOURS, PRACTICE_HOURS,
                             COMPULSORY_OR_ELECTIVE, STATUS, CREATED_DATE, CREATED_USER_ID)
VALUES (13041046, 13041, 'Epidemiyoloji', 'FOURTH', 1, 1, 0, 'COMPULSORY', 'ACTIVE', '2021-12-15 20:13:45', 1);

INSERT INTO sis.UNIV_LESSON (LESSON_ID, DEPARTMENT_ID, NAME, SEMESTER, CREDIT, THEORETICAL_HOURS, PRACTICE_HOURS,
                             COMPULSORY_OR_ELECTIVE, STATUS, CREATED_DATE, CREATED_USER_ID)
VALUES (13041047, 13041, 'Dış Hastalıklara Giriş', 'FIFTH', 2, 2, 0, 'COMPULSORY', 'ACTIVE', '2021-12-15 20:13:45', 1);

INSERT INTO sis.UNIV_LESSON (LESSON_ID, DEPARTMENT_ID, NAME, SEMESTER, CREDIT, THEORETICAL_HOURS, PRACTICE_HOURS,
                             COMPULSORY_OR_ELECTIVE, STATUS, CREATED_DATE, CREATED_USER_ID)
VALUES (13041048, 13041, 'Helmintoloji', 'FIFTH', 3, 2, 2, 'COMPULSORY', 'ACTIVE', '2021-12-15 20:13:45', 1);

INSERT INTO sis.UNIV_LESSON (LESSON_ID, DEPARTMENT_ID, NAME, SEMESTER, CREDIT, THEORETICAL_HOURS, PRACTICE_HOURS,
                             COMPULSORY_OR_ELECTIVE, STATUS, CREATED_DATE, CREATED_USER_ID)
VALUES (13041049, 13041, 'Arı Hastalıkları', 'SIXTH', 2, 1, 2, 'COMPULSORY', 'ACTIVE', '2021-12-15 20:13:45', 1);

INSERT INTO sis.UNIV_LESSON (LESSON_ID, DEPARTMENT_ID, NAME, SEMESTER, CREDIT, THEORETICAL_HOURS, PRACTICE_HOURS,
                             COMPULSORY_OR_ELECTIVE, STATUS, CREATED_DATE, CREATED_USER_ID)
VALUES (13041050, 13041, 'Görüntülü Tanı Yöntemleri', 'SIXTH', 2, 1, 2, 'COMPULSORY', 'ACTIVE', '2021-12-15 20:13:45',
        1);

INSERT INTO sis.UNIV_LESSON (LESSON_ID, DEPARTMENT_ID, NAME, SEMESTER, CREDIT, THEORETICAL_HOURS, PRACTICE_HOURS,
                             COMPULSORY_OR_ELECTIVE, STATUS, CREATED_DATE, CREATED_USER_ID)
VALUES (13041051, 13041, 'Toksikoloji', 'SEVENTH', 2, 2, 0, 'COMPULSORY', 'ACTIVE', '2021-12-15 20:13:45', 1);

INSERT INTO sis.UNIV_LESSON (LESSON_ID, DEPARTMENT_ID, NAME, SEMESTER, CREDIT, THEORETICAL_HOURS, PRACTICE_HOURS,
                             COMPULSORY_OR_ELECTIVE, STATUS, CREATED_DATE, CREATED_USER_ID)
VALUES (13041052, 13041, 'Ortopedi ve Travmatoloji', 'SEVENTH', 2, 2, 0, 'COMPULSORY', 'ACTIVE', '2021-12-15 20:13:45',
        1);

INSERT INTO sis.UNIV_LESSON (LESSON_ID, DEPARTMENT_ID, NAME, SEMESTER, CREDIT, THEORETICAL_HOURS, PRACTICE_HOURS,
                             COMPULSORY_OR_ELECTIVE, STATUS, CREATED_DATE, CREATED_USER_ID)
VALUES (13041053, 13041, 'Dölerme ve Suni Tohumlama', 'EIGHTH', 2, 2, 0, 'COMPULSORY', 'ACTIVE', '2021-12-15 20:13:45',
        1);

INSERT INTO sis.UNIV_LESSON (LESSON_ID, DEPARTMENT_ID, NAME, SEMESTER, CREDIT, THEORETICAL_HOURS, PRACTICE_HOURS,
                             COMPULSORY_OR_ELECTIVE, STATUS, CREATED_DATE, CREATED_USER_ID)
VALUES (13041054, 13041, 'Ayak Hastalıkları', 'EIGHTH', 1, 1, 0, 'COMPULSORY', 'ACTIVE', '2021-12-15 20:13:45', 1);

INSERT INTO sis.UNIV_LESSON (LESSON_ID, DEPARTMENT_ID, NAME, SEMESTER, CREDIT, THEORETICAL_HOURS, PRACTICE_HOURS,
                             COMPULSORY_OR_ELECTIVE, STATUS, CREATED_DATE, CREATED_USER_ID)
VALUES (14045055, 14045, 'Tarım Makinaları', 'FIRST', 4, 2, 2, 'COMPULSORY', 'ACTIVE', '2021-12-15 20:13:45', 1);

INSERT INTO sis.UNIV_LESSON (LESSON_ID, DEPARTMENT_ID, NAME, SEMESTER, CREDIT, THEORETICAL_HOURS, PRACTICE_HOURS,
                             COMPULSORY_OR_ELECTIVE, STATUS, CREATED_DATE, CREATED_USER_ID)
VALUES (14045056, 14045, 'Teknik Resim', 'FIRST', 4, 2, 2, 'COMPULSORY', 'ACTIVE', '2021-12-15 20:13:45', 1);

INSERT INTO sis.UNIV_LESSON (LESSON_ID, DEPARTMENT_ID, NAME, SEMESTER, CREDIT, THEORETICAL_HOURS, PRACTICE_HOURS,
                             COMPULSORY_OR_ELECTIVE, STATUS, CREATED_DATE, CREATED_USER_ID)
VALUES (14045057, 14045, 'Tarım Teknolojilerinde Girişimcilik', 'SECOND', 2, 2, 0, 'COMPULSORY', 'ACTIVE',
        '2021-12-15 20:13:45', 1);

INSERT INTO sis.UNIV_LESSON (LESSON_ID, DEPARTMENT_ID, NAME, SEMESTER, CREDIT, THEORETICAL_HOURS, PRACTICE_HOURS,
                             COMPULSORY_OR_ELECTIVE, STATUS, CREATED_DATE, CREATED_USER_ID)
VALUES (14045058, 14045, 'Genel Ekonomi', 'SECOND', 3, 2, 0, 'COMPULSORY', 'ACTIVE', '2021-12-15 20:13:45', 1);

INSERT INTO sis.UNIV_LESSON (LESSON_ID, DEPARTMENT_ID, NAME, SEMESTER, CREDIT, THEORETICAL_HOURS, PRACTICE_HOURS,
                             COMPULSORY_OR_ELECTIVE, STATUS, CREATED_DATE, CREATED_USER_ID)
VALUES (14045059, 14045, 'Bitki Koruma', 'THIRD', 3, 2, 0, 'COMPULSORY', 'ACTIVE', '2021-12-15 20:13:45', 1);

INSERT INTO sis.UNIV_LESSON (LESSON_ID, DEPARTMENT_ID, NAME, SEMESTER, CREDIT, THEORETICAL_HOURS, PRACTICE_HOURS,
                             COMPULSORY_OR_ELECTIVE, STATUS, CREATED_DATE, CREATED_USER_ID)
VALUES (14045060, 14045, 'İstatistik', 'THIRD', 3, 2, 0, 'COMPULSORY', 'ACTIVE', '2021-12-15 20:13:45', 1);

INSERT INTO sis.UNIV_LESSON (LESSON_ID, DEPARTMENT_ID, NAME, SEMESTER, CREDIT, THEORETICAL_HOURS, PRACTICE_HOURS,
                             COMPULSORY_OR_ELECTIVE, STATUS, CREATED_DATE, CREATED_USER_ID)
VALUES (14045061, 14045, 'Akışkanlar Mekaniği', 'FOURTH', 3, 2, 0, 'COMPULSORY', 'ACTIVE', '2021-12-15 20:13:45', 1);

INSERT INTO sis.UNIV_LESSON (LESSON_ID, DEPARTMENT_ID, NAME, SEMESTER, CREDIT, THEORETICAL_HOURS, PRACTICE_HOURS,
                             COMPULSORY_OR_ELECTIVE, STATUS, CREATED_DATE, CREATED_USER_ID)
VALUES (14045062, 14045, 'Dinamik', 'FOURTH', 3, 2, 0, 'COMPULSORY', 'ACTIVE', '2021-12-15 20:13:45', 1);

INSERT INTO sis.UNIV_LESSON (LESSON_ID, DEPARTMENT_ID, NAME, SEMESTER, CREDIT, THEORETICAL_HOURS, PRACTICE_HOURS,
                             COMPULSORY_OR_ELECTIVE, STATUS, CREATED_DATE, CREATED_USER_ID)
VALUES (14045063, 14045, 'Bilgisayar Destekli Çizim', 'FIFTH', 4, 2, 2, 'COMPULSORY', 'ACTIVE', '2021-12-15 20:13:45',
        1);

INSERT INTO sis.UNIV_LESSON (LESSON_ID, DEPARTMENT_ID, NAME, SEMESTER, CREDIT, THEORETICAL_HOURS, PRACTICE_HOURS,
                             COMPULSORY_OR_ELECTIVE, STATUS, CREATED_DATE, CREATED_USER_ID)
VALUES (14045064, 14045, 'Makine Elemanları', 'FIFTH', 4, 3, 0, 'COMPULSORY', 'ACTIVE', '2021-12-15 20:13:45', 1);

INSERT INTO sis.UNIV_LESSON (LESSON_ID, DEPARTMENT_ID, NAME, SEMESTER, CREDIT, THEORETICAL_HOURS, PRACTICE_HOURS,
                             COMPULSORY_OR_ELECTIVE, STATUS, CREATED_DATE, CREATED_USER_ID)
VALUES (14045065, 14045, 'Termik Motorlar', 'SIXTH', 3, 2, 0, 'COMPULSORY', 'ACTIVE', '2021-12-15 20:13:45', 1);

INSERT INTO sis.UNIV_LESSON (LESSON_ID, DEPARTMENT_ID, NAME, SEMESTER, CREDIT, THEORETICAL_HOURS, PRACTICE_HOURS,
                             COMPULSORY_OR_ELECTIVE, STATUS, CREATED_DATE, CREATED_USER_ID)
VALUES (14045066, 14045, 'Mekanizma Tekniği', 'SIXTH', 3, 2, 0, 'COMPULSORY', 'ACTIVE', '2021-12-15 20:13:45', 1);

INSERT INTO sis.UNIV_LESSON (LESSON_ID, DEPARTMENT_ID, NAME, SEMESTER, CREDIT, THEORETICAL_HOURS, PRACTICE_HOURS,
                             COMPULSORY_OR_ELECTIVE, STATUS, CREATED_DATE, CREATED_USER_ID)
VALUES (14045067, 14045, 'Tarımsal İklimlendirme Tekniği', 'SEVENTH', 3, 2, 0, 'COMPULSORY', 'ACTIVE',
        '2021-12-15 20:13:45', 1);

INSERT INTO sis.UNIV_LESSON (LESSON_ID, DEPARTMENT_ID, NAME, SEMESTER, CREDIT, THEORETICAL_HOURS, PRACTICE_HOURS,
                             COMPULSORY_OR_ELECTIVE, STATUS, CREATED_DATE, CREATED_USER_ID)
VALUES (14045068, 14045, 'Tarım Traktörleri', 'SEVENTH', 3, 2, 0, 'COMPULSORY', 'ACTIVE', '2021-12-15 20:13:45', 1);

INSERT INTO sis.UNIV_LESSON (LESSON_ID, DEPARTMENT_ID, NAME, SEMESTER, CREDIT, THEORETICAL_HOURS, PRACTICE_HOURS,
                             COMPULSORY_OR_ELECTIVE, STATUS, CREATED_DATE, CREATED_USER_ID)
VALUES (14045069, 14045, 'Modern Sera Teknolojileri', 'EIGHTH', 3, 2, 0, 'COMPULSORY', 'ACTIVE', '2021-12-15 20:13:45',
        1);

INSERT INTO sis.UNIV_LESSON (LESSON_ID, DEPARTMENT_ID, NAME, SEMESTER, CREDIT, THEORETICAL_HOURS, PRACTICE_HOURS,
                             COMPULSORY_OR_ELECTIVE, STATUS, CREATED_DATE, CREATED_USER_ID)
VALUES (14045070, 14045, 'Bitirme Tezi', 'EIGHTH', 3, 0, 2, 'COMPULSORY', 'ACTIVE', '2021-12-15 20:13:45', 1);

INSERT INTO sis.UNIV_LESSON (LESSON_ID, DEPARTMENT_ID, NAME, SEMESTER, CREDIT, THEORETICAL_HOURS, PRACTICE_HOURS,
                             COMPULSORY_OR_ELECTIVE, STATUS, CREATED_DATE, CREATED_USER_ID)
VALUES (15050060, 15050, 'Okuma Becerileri I', 'FIRST', 4, 3, 0, 'COMPULSORY', 'ACTIVE', '2021-12-15 20:13:45', 1);

INSERT INTO sis.UNIV_LESSON (LESSON_ID, DEPARTMENT_ID, NAME, SEMESTER, CREDIT, THEORETICAL_HOURS, PRACTICE_HOURS,
                             COMPULSORY_OR_ELECTIVE, STATUS, CREATED_DATE, CREATED_USER_ID)
VALUES (15050061, 15050, 'Yazma Becerileri I', 'FIRST', 3, 2, 0, 'COMPULSORY', 'ACTIVE', '2021-12-15 20:13:45', 1);

INSERT INTO sis.UNIV_LESSON (LESSON_ID, DEPARTMENT_ID, NAME, SEMESTER, CREDIT, THEORETICAL_HOURS, PRACTICE_HOURS,
                             COMPULSORY_OR_ELECTIVE, STATUS, CREATED_DATE, CREATED_USER_ID)
VALUES (15050062, 15050, 'Okuma Becerileri II', 'SECOND', 2, 2, 0, 'COMPULSORY', 'ACTIVE', '2021-12-15 20:13:45', 1);

INSERT INTO sis.UNIV_LESSON (LESSON_ID, DEPARTMENT_ID, NAME, SEMESTER, CREDIT, THEORETICAL_HOURS, PRACTICE_HOURS,
                             COMPULSORY_OR_ELECTIVE, STATUS, CREATED_DATE, CREATED_USER_ID)
VALUES (15050063, 15050, 'Yazma Becerileri II', 'SECOND', 2, 2, 0, 'COMPULSORY', 'ACTIVE', '2021-12-15 20:13:45', 1);

INSERT INTO sis.UNIV_LESSON (LESSON_ID, DEPARTMENT_ID, NAME, SEMESTER, CREDIT, THEORETICAL_HOURS, PRACTICE_HOURS,
                             COMPULSORY_OR_ELECTIVE, STATUS, CREATED_DATE, CREATED_USER_ID)
VALUES (15050064, 15050, 'Öğretim Teknolojileri', 'THIRD', 2, 2, 0, 'COMPULSORY', 'ACTIVE', '2021-12-15 20:13:45', 1);

INSERT INTO sis.UNIV_LESSON (LESSON_ID, DEPARTMENT_ID, NAME, SEMESTER, CREDIT, THEORETICAL_HOURS, PRACTICE_HOURS,
                             COMPULSORY_OR_ELECTIVE, STATUS, CREATED_DATE, CREATED_USER_ID)
VALUES (15050065, 15050, 'Eleştirel Okuma ve Yazma', 'THIRD', 2, 2, 0, 'COMPULSORY', 'ACTIVE', '2021-12-15 20:13:45',
        1);

INSERT INTO sis.UNIV_LESSON (LESSON_ID, DEPARTMENT_ID, NAME, SEMESTER, CREDIT, THEORETICAL_HOURS, PRACTICE_HOURS,
                             COMPULSORY_OR_ELECTIVE, STATUS, CREATED_DATE, CREATED_USER_ID)
VALUES (15050066, 15050, 'Eğitimde Araştırma Yöntemleri', 'FOURTH', 2, 2, 0, 'COMPULSORY', 'ACTIVE',
        '2021-12-15 20:13:45', 1);

INSERT INTO sis.UNIV_LESSON (LESSON_ID, DEPARTMENT_ID, NAME, SEMESTER, CREDIT, THEORETICAL_HOURS, PRACTICE_HOURS,
                             COMPULSORY_OR_ELECTIVE, STATUS, CREATED_DATE, CREATED_USER_ID)
VALUES (15050067, 15050, 'Kültür ve Dil', 'FOURTH', 2, 2, 0, 'COMPULSORY', 'ACTIVE', '2021-12-15 20:13:45', 1);

INSERT INTO sis.UNIV_LESSON (LESSON_ID, DEPARTMENT_ID, NAME, SEMESTER, CREDIT, THEORETICAL_HOURS, PRACTICE_HOURS,
                             COMPULSORY_OR_ELECTIVE, STATUS, CREATED_DATE, CREATED_USER_ID)
VALUES (15050068, 15050, 'Sınıf Yönetimi', 'FIFTH', 2, 2, 0, 'COMPULSORY', 'ACTIVE', '2021-12-15 20:13:45', 1);

INSERT INTO sis.UNIV_LESSON (LESSON_ID, DEPARTMENT_ID, NAME, SEMESTER, CREDIT, THEORETICAL_HOURS, PRACTICE_HOURS,
                             COMPULSORY_OR_ELECTIVE, STATUS, CREATED_DATE, CREATED_USER_ID)
VALUES (15050069, 15050, 'Eğitimde Ahlâk ve Etik', 'FIFTH', 2, 2, 0, 'COMPULSORY', 'ACTIVE', '2021-12-15 20:13:45', 1);

INSERT INTO sis.UNIV_LESSON (LESSON_ID, DEPARTMENT_ID, NAME, SEMESTER, CREDIT, THEORETICAL_HOURS, PRACTICE_HOURS,
                             COMPULSORY_OR_ELECTIVE, STATUS, CREATED_DATE, CREATED_USER_ID)
VALUES (15050070, 15050, 'Bilim ve Araştırma Etiği', 'SIXTH', 2, 2, 0, 'COMPULSORY', 'ACTIVE', '2021-12-15 20:13:45',
        1);

INSERT INTO sis.UNIV_LESSON (LESSON_ID, DEPARTMENT_ID, NAME, SEMESTER, CREDIT, THEORETICAL_HOURS, PRACTICE_HOURS,
                             COMPULSORY_OR_ELECTIVE, STATUS, CREATED_DATE, CREATED_USER_ID)
VALUES (15050071, 15050, 'Öğrenme Güçlüğü', 'SIXTH', 3, 2, 0, 'COMPULSORY', 'ACTIVE', '2021-12-15 20:13:45', 1);

INSERT INTO sis.UNIV_LESSON (LESSON_ID, DEPARTMENT_ID, NAME, SEMESTER, CREDIT, THEORETICAL_HOURS, PRACTICE_HOURS,
                             COMPULSORY_OR_ELECTIVE, STATUS, CREATED_DATE, CREATED_USER_ID)
VALUES (15050072, 15050, 'Tümleşik Dil Becerilerinin Öğretimi', 'SEVENTH', 3, 2, 0, 'COMPULSORY', 'ACTIVE',
        '2021-12-15 20:13:45', 1);

INSERT INTO sis.UNIV_LESSON (LESSON_ID, DEPARTMENT_ID, NAME, SEMESTER, CREDIT, THEORETICAL_HOURS, PRACTICE_HOURS,
                             COMPULSORY_OR_ELECTIVE, STATUS, CREATED_DATE, CREATED_USER_ID)
VALUES (15050073, 15050, 'İngilizce Öğretiminde Ders İçeriği Geliştirme', 'SEVENTH', 4, 3, 0, 'COMPULSORY', 'ACTIVE',
        '2021-12-15 20:13:45', 1);

INSERT INTO sis.UNIV_LESSON (LESSON_ID, DEPARTMENT_ID, NAME, SEMESTER, CREDIT, THEORETICAL_HOURS, PRACTICE_HOURS,
                             COMPULSORY_OR_ELECTIVE, STATUS, CREATED_DATE, CREATED_USER_ID)
VALUES (15050074, 15050, 'İngilizce Öğretiminde Sınav Hazırlama ve Değerlendirm', 'EIGHTH', 4, 3, 0, 'COMPULSORY',
        'ACTIVE', '2021-12-15 20:13:45', 1);

INSERT INTO sis.UNIV_LESSON (LESSON_ID, DEPARTMENT_ID, NAME, SEMESTER, CREDIT, THEORETICAL_HOURS, PRACTICE_HOURS,
                             COMPULSORY_OR_ELECTIVE, STATUS, CREATED_DATE, CREATED_USER_ID)
VALUES (15050075, 15050, 'Kapsayıcı Eğitim', 'EIGHTH', 3, 2, 0, 'ELECTIVE', 'ACTIVE', '2021-12-15 20:13:45', 1);

INSERT INTO sis.UNIV_LESSON (LESSON_ID, DEPARTMENT_ID, NAME, SEMESTER, CREDIT, THEORETICAL_HOURS, PRACTICE_HOURS,
                             COMPULSORY_OR_ELECTIVE, STATUS, CREATED_DATE, CREATED_USER_ID)
VALUES (16063076, 16063, 'Kariyer Planlama', 'FIRST', 2, 1, 0, 'COMPULSORY', 'ACTIVE', '2021-12-15 20:13:45', 1);

INSERT INTO sis.UNIV_LESSON (LESSON_ID, DEPARTMENT_ID, NAME, SEMESTER, CREDIT, THEORETICAL_HOURS, PRACTICE_HOURS,
                             COMPULSORY_OR_ELECTIVE, STATUS, CREATED_DATE, CREATED_USER_ID)
VALUES (16063077, 16063, 'Müzik Tarihi I', 'FIRST', 2, 2, 0, 'COMPULSORY', 'ACTIVE', '2021-12-15 20:13:45', 1);

INSERT INTO sis.UNIV_LESSON (LESSON_ID, DEPARTMENT_ID, NAME, SEMESTER, CREDIT, THEORETICAL_HOURS, PRACTICE_HOURS,
                             COMPULSORY_OR_ELECTIVE, STATUS, CREATED_DATE, CREATED_USER_ID)
VALUES (16063078, 16063, 'Müzik Tarihi II', 'SECOND', 2, 2, 0, 'COMPULSORY', 'ACTIVE', '2021-12-15 20:13:45', 1);

INSERT INTO sis.UNIV_LESSON (LESSON_ID, DEPARTMENT_ID, NAME, SEMESTER, CREDIT, THEORETICAL_HOURS, PRACTICE_HOURS,
                             COMPULSORY_OR_ELECTIVE, STATUS, CREATED_DATE, CREATED_USER_ID)
VALUES (16063079, 16063, 'Oda Müziği II', 'SECOND', 2, 1, 1, 'COMPULSORY', 'ACTIVE', '2021-12-15 20:13:45', 1);

INSERT INTO sis.UNIV_LESSON (LESSON_ID, DEPARTMENT_ID, NAME, SEMESTER, CREDIT, THEORETICAL_HOURS, PRACTICE_HOURS,
                             COMPULSORY_OR_ELECTIVE, STATUS, CREATED_DATE, CREATED_USER_ID)
VALUES (16063080, 16063, 'Temel Sanat Kavramları I', 'THIRD', 2, 2, 0, 'COMPULSORY', 'ACTIVE', '2021-12-15 20:13:45',
        1);

INSERT INTO sis.UNIV_LESSON (LESSON_ID, DEPARTMENT_ID, NAME, SEMESTER, CREDIT, THEORETICAL_HOURS, PRACTICE_HOURS,
                             COMPULSORY_OR_ELECTIVE, STATUS, CREATED_DATE, CREATED_USER_ID)
VALUES (16063081, 16063, '19. Yüzyıl Müziğinde Tür ve Biçim', 'THIRD', 2, 2, 0, 'COMPULSORY', 'ACTIVE',
        '2021-12-15 20:13:45', 1);

INSERT INTO sis.UNIV_LESSON (LESSON_ID, DEPARTMENT_ID, NAME, SEMESTER, CREDIT, THEORETICAL_HOURS, PRACTICE_HOURS,
                             COMPULSORY_OR_ELECTIVE, STATUS, CREATED_DATE, CREATED_USER_ID)
VALUES (16063082, 16063, 'Vokal Müzikte Tür ve Biçim', 'FOURTH', 2, 2, 0, 'COMPULSORY', 'ACTIVE', '2021-12-15 20:13:45',
        1);

INSERT INTO sis.UNIV_LESSON (LESSON_ID, DEPARTMENT_ID, NAME, SEMESTER, CREDIT, THEORETICAL_HOURS, PRACTICE_HOURS,
                             COMPULSORY_OR_ELECTIVE, STATUS, CREATED_DATE, CREATED_USER_ID)
VALUES (16063083, 16063, 'Müzik Tarihi IV', 'FOURTH', 2, 2, 0, 'COMPULSORY', 'ACTIVE', '2021-12-15 20:13:45', 1);

INSERT INTO sis.UNIV_LESSON (LESSON_ID, DEPARTMENT_ID, NAME, SEMESTER, CREDIT, THEORETICAL_HOURS, PRACTICE_HOURS,
                             COMPULSORY_OR_ELECTIVE, STATUS, CREATED_DATE, CREATED_USER_ID)
VALUES (16063084, 16063, 'Gitar Edebiyatı I', 'FIFTH', 2, 2, 0, 'COMPULSORY', 'ACTIVE', '2021-12-15 20:13:45', 1);

INSERT INTO sis.UNIV_LESSON (LESSON_ID, DEPARTMENT_ID, NAME, SEMESTER, CREDIT, THEORETICAL_HOURS, PRACTICE_HOURS,
                             COMPULSORY_OR_ELECTIVE, STATUS, CREATED_DATE, CREATED_USER_ID)
VALUES (16063085, 16063, 'Polifonik Türler I', 'FIFTH', 2, 2, 0, 'COMPULSORY', 'ACTIVE', '2021-12-15 20:13:45', 1);

INSERT INTO sis.UNIV_LESSON (LESSON_ID, DEPARTMENT_ID, NAME, SEMESTER, CREDIT, THEORETICAL_HOURS, PRACTICE_HOURS,
                             COMPULSORY_OR_ELECTIVE, STATUS, CREATED_DATE, CREATED_USER_ID)
VALUES (16063086, 16063, 'Gitar Edebiyatı II', 'SIXTH', 2, 2, 0, 'COMPULSORY', 'ACTIVE', '2021-12-15 20:13:45', 1);

INSERT INTO sis.UNIV_LESSON (LESSON_ID, DEPARTMENT_ID, NAME, SEMESTER, CREDIT, THEORETICAL_HOURS, PRACTICE_HOURS,
                             COMPULSORY_OR_ELECTIVE, STATUS, CREATED_DATE, CREATED_USER_ID)
VALUES (16063087, 16063, 'Polifonik Türler II', 'SIXTH', 2, 2, 0, 'COMPULSORY', 'ACTIVE', '2021-12-15 20:13:45', 1);

INSERT INTO sis.UNIV_LESSON (LESSON_ID, DEPARTMENT_ID, NAME, SEMESTER, CREDIT, THEORETICAL_HOURS, PRACTICE_HOURS,
                             COMPULSORY_OR_ELECTIVE, STATUS, CREATED_DATE, CREATED_USER_ID)
VALUES (16063088, 16063, 'Repertuvar Analizi I', 'SEVENTH', 2, 2, 0, 'COMPULSORY', 'ACTIVE', '2021-12-15 20:13:45', 1);

INSERT INTO sis.UNIV_LESSON (LESSON_ID, DEPARTMENT_ID, NAME, SEMESTER, CREDIT, THEORETICAL_HOURS, PRACTICE_HOURS,
                             COMPULSORY_OR_ELECTIVE, STATUS, CREATED_DATE, CREATED_USER_ID)
VALUES (16063089, 16063, 'Gelişim ve Öğrenme Psikolojisi', 'SEVENTH', 2, 2, 0, 'COMPULSORY', 'ACTIVE',
        '2021-12-15 20:13:45', 1);

INSERT INTO sis.UNIV_LESSON (LESSON_ID, DEPARTMENT_ID, NAME, SEMESTER, CREDIT, THEORETICAL_HOURS, PRACTICE_HOURS,
                             COMPULSORY_OR_ELECTIVE, STATUS, CREATED_DATE, CREATED_USER_ID)
VALUES (16063090, 16063, 'Resital', 'EIGHTH', 2, 2, 0, 'COMPULSORY', 'ACTIVE', '2021-12-15 20:13:45', 1);

INSERT INTO sis.UNIV_LESSON (LESSON_ID, DEPARTMENT_ID, NAME, SEMESTER, CREDIT, THEORETICAL_HOURS, PRACTICE_HOURS,
                             COMPULSORY_OR_ELECTIVE, STATUS, CREATED_DATE, CREATED_USER_ID)
VALUES (16063091, 16063, 'Korrepetisyon', 'EIGHTH', 2, 1, 1, 'COMPULSORY', 'ACTIVE', '2021-12-15 20:13:45', 1);

INSERT INTO sis.UNIV_LESSON (LESSON_ID, DEPARTMENT_ID, NAME, SEMESTER, CREDIT, THEORETICAL_HOURS, PRACTICE_HOURS,
                             COMPULSORY_OR_ELECTIVE, STATUS, CREATED_DATE, CREATED_USER_ID)
VALUES (17076076, 17076, 'Mutfağa Giriş', 'FIRST', 2, 2, 0, 'COMPULSORY', 'ACTIVE', '2021-12-15 20:13:45', 1);

INSERT INTO sis.UNIV_LESSON (LESSON_ID, DEPARTMENT_ID, NAME, SEMESTER, CREDIT, THEORETICAL_HOURS, PRACTICE_HOURS,
                             COMPULSORY_OR_ELECTIVE, STATUS, CREATED_DATE, CREATED_USER_ID)
VALUES (17076077, 17076, 'Genel Turizm Bilgisi', 'FIRST', 2, 2, 0, 'COMPULSORY', 'ACTIVE', '2021-12-15 20:13:45', 1);

INSERT INTO sis.UNIV_LESSON (LESSON_ID, DEPARTMENT_ID, NAME, SEMESTER, CREDIT, THEORETICAL_HOURS, PRACTICE_HOURS,
                             COMPULSORY_OR_ELECTIVE, STATUS, CREATED_DATE, CREATED_USER_ID)
VALUES (17076078, 17076, 'Gastronomiye Giriş', 'SECOND', 3, 2, 0, 'COMPULSORY', 'ACTIVE', '2021-12-15 20:13:45', 1);

INSERT INTO sis.UNIV_LESSON (LESSON_ID, DEPARTMENT_ID, NAME, SEMESTER, CREDIT, THEORETICAL_HOURS, PRACTICE_HOURS,
                             COMPULSORY_OR_ELECTIVE, STATUS, CREATED_DATE, CREATED_USER_ID)
VALUES (17076079, 17076, 'Besin Güvenliği ve Hijyen', 'SECOND', 3, 3, 0, 'COMPULSORY', 'ACTIVE', '2021-12-15 20:13:45',
        1);

INSERT INTO sis.UNIV_LESSON (LESSON_ID, DEPARTMENT_ID, NAME, SEMESTER, CREDIT, THEORETICAL_HOURS, PRACTICE_HOURS,
                             COMPULSORY_OR_ELECTIVE, STATUS, CREATED_DATE, CREATED_USER_ID)
VALUES (17076080, 17076, 'Türk Mutfak Kültürü', 'THIRD', 3, 3, 0, 'COMPULSORY', 'ACTIVE', '2021-12-15 20:13:45', 1);

INSERT INTO sis.UNIV_LESSON (LESSON_ID, DEPARTMENT_ID, NAME, SEMESTER, CREDIT, THEORETICAL_HOURS, PRACTICE_HOURS,
                             COMPULSORY_OR_ELECTIVE, STATUS, CREATED_DATE, CREATED_USER_ID)
VALUES (17076081, 17076, 'Maliyet Muhasebesi', 'THIRD', 3, 3, 0, 'COMPULSORY', 'ACTIVE', '2021-12-15 20:13:45', 1);

INSERT INTO sis.UNIV_LESSON (LESSON_ID, DEPARTMENT_ID, NAME, SEMESTER, CREDIT, THEORETICAL_HOURS, PRACTICE_HOURS,
                             COMPULSORY_OR_ELECTIVE, STATUS, CREATED_DATE, CREATED_USER_ID)
VALUES (17076082, 17076, 'Yiyecek İçecek Maliyet Kontrolü', 'FOURTH', 3, 3, 0, 'COMPULSORY', 'ACTIVE',
        '2021-12-15 20:13:45', 1);

INSERT INTO sis.UNIV_LESSON (LESSON_ID, DEPARTMENT_ID, NAME, SEMESTER, CREDIT, THEORETICAL_HOURS, PRACTICE_HOURS,
                             COMPULSORY_OR_ELECTIVE, STATUS, CREATED_DATE, CREATED_USER_ID)
VALUES (17076083, 17076, 'Estetik ve Sanat Felsefesi', 'FOURTH', 3, 3, 0, 'COMPULSORY', 'ACTIVE', '2021-12-15 20:13:45',
        1);

INSERT INTO sis.UNIV_LESSON (LESSON_ID, DEPARTMENT_ID, NAME, SEMESTER, CREDIT, THEORETICAL_HOURS, PRACTICE_HOURS,
                             COMPULSORY_OR_ELECTIVE, STATUS, CREATED_DATE, CREATED_USER_ID)
VALUES (17076084, 17076, 'Gastronomi ve Medya', 'FIFTH', 3, 3, 0, 'COMPULSORY', 'ACTIVE', '2021-12-15 20:13:45', 1);

INSERT INTO sis.UNIV_LESSON (LESSON_ID, DEPARTMENT_ID, NAME, SEMESTER, CREDIT, THEORETICAL_HOURS, PRACTICE_HOURS,
                             COMPULSORY_OR_ELECTIVE, STATUS, CREATED_DATE, CREATED_USER_ID)
VALUES (17076085, 17076, 'Dünya Mutfak Kültürü', 'FIFTH', 3, 3, 0, 'COMPULSORY', 'ACTIVE', '2021-12-15 20:13:45', 1);

INSERT INTO sis.UNIV_LESSON (LESSON_ID, DEPARTMENT_ID, NAME, SEMESTER, CREDIT, THEORETICAL_HOURS, PRACTICE_HOURS,
                             COMPULSORY_OR_ELECTIVE, STATUS, CREATED_DATE, CREATED_USER_ID)
VALUES (17076086, 17076, 'Türk Kültüründe İçecekler', 'SIXTH', 2, 2, 0, 'COMPULSORY', 'ACTIVE', '2021-12-15 20:13:45',
        1);

INSERT INTO sis.UNIV_LESSON (LESSON_ID, DEPARTMENT_ID, NAME, SEMESTER, CREDIT, THEORETICAL_HOURS, PRACTICE_HOURS,
                             COMPULSORY_OR_ELECTIVE, STATUS, CREATED_DATE, CREATED_USER_ID)
VALUES (17076087, 17076, 'Mutfak Yönetimi', 'SIXTH', 3, 3, 0, 'COMPULSORY', 'ACTIVE', '2021-12-15 20:13:45', 1);

INSERT INTO sis.UNIV_LESSON (LESSON_ID, DEPARTMENT_ID, NAME, SEMESTER, CREDIT, THEORETICAL_HOURS, PRACTICE_HOURS,
                             COMPULSORY_OR_ELECTIVE, STATUS, CREATED_DATE, CREATED_USER_ID)
VALUES (17076088, 17076, 'Bilimsel Araştırma Yöntemleri', 'SEVENTH', 3, 3, 0, 'COMPULSORY', 'ACTIVE',
        '2021-12-15 20:13:45', 1);

INSERT INTO sis.UNIV_LESSON (LESSON_ID, DEPARTMENT_ID, NAME, SEMESTER, CREDIT, THEORETICAL_HOURS, PRACTICE_HOURS,
                             COMPULSORY_OR_ELECTIVE, STATUS, CREATED_DATE, CREATED_USER_ID)
VALUES (17076089, 17076, 'Proje Hazırlama ve Yönetimi', 'SEVENTH', 3, 3, 0, 'COMPULSORY', 'ACTIVE',
        '2021-12-15 20:13:45', 1);

INSERT INTO sis.UNIV_LESSON (LESSON_ID, DEPARTMENT_ID, NAME, SEMESTER, CREDIT, THEORETICAL_HOURS, PRACTICE_HOURS,
                             COMPULSORY_OR_ELECTIVE, STATUS, CREATED_DATE, CREATED_USER_ID)
VALUES (17076090, 17076, 'Bitirme Tezi', 'EIGHTH', 6, 3, 3, 'COMPULSORY', 'ACTIVE', '2021-12-15 20:13:45', 1);

INSERT INTO sis.UNIV_LESSON (LESSON_ID, DEPARTMENT_ID, NAME, SEMESTER, CREDIT, THEORETICAL_HOURS, PRACTICE_HOURS,
                             COMPULSORY_OR_ELECTIVE, STATUS, CREATED_DATE, CREATED_USER_ID)
VALUES (17076091, 17076, 'Gıda Coğrafyası', 'EIGHTH', 3, 3, 0, 'ELECTIVE', 'ACTIVE', '2021-12-15 20:13:45', 1);

INSERT INTO sis.UNIV_LESSON (LESSON_ID, DEPARTMENT_ID, NAME, SEMESTER, CREDIT, THEORETICAL_HOURS, PRACTICE_HOURS,
                             COMPULSORY_OR_ELECTIVE, STATUS, CREATED_DATE, CREATED_USER_ID)
VALUES (18082080, 18082, 'Beden Eğitimi ve Sporun Temelleri', 'FIRST', 2, 2, 0, 'COMPULSORY', 'ACTIVE',
        '2021-12-15 20:13:45', 1);

INSERT INTO sis.UNIV_LESSON (LESSON_ID, DEPARTMENT_ID, NAME, SEMESTER, CREDIT, THEORETICAL_HOURS, PRACTICE_HOURS,
                             COMPULSORY_OR_ELECTIVE, STATUS, CREATED_DATE, CREATED_USER_ID)
VALUES (18082081, 18082, 'Eğitime Giriş', 'FIRST', 2, 2, 0, 'COMPULSORY', 'ACTIVE', '2021-12-15 20:13:45', 1);

INSERT INTO sis.UNIV_LESSON (LESSON_ID, DEPARTMENT_ID, NAME, SEMESTER, CREDIT, THEORETICAL_HOURS, PRACTICE_HOURS,
                             COMPULSORY_OR_ELECTIVE, STATUS, CREATED_DATE, CREATED_USER_ID)
VALUES (18082082, 18082, 'Atletizm', 'SECOND', 2, 1, 2, 'COMPULSORY', 'ACTIVE', '2021-12-15 20:13:45', 1);

INSERT INTO sis.UNIV_LESSON (LESSON_ID, DEPARTMENT_ID, NAME, SEMESTER, CREDIT, THEORETICAL_HOURS, PRACTICE_HOURS,
                             COMPULSORY_OR_ELECTIVE, STATUS, CREATED_DATE, CREATED_USER_ID)
VALUES (18082083, 18082, 'Cimnastik', 'SECOND', 2, 1, 2, 'COMPULSORY', 'ACTIVE', '2021-12-15 20:13:45', 1);

INSERT INTO sis.UNIV_LESSON (LESSON_ID, DEPARTMENT_ID, NAME, SEMESTER, CREDIT, THEORETICAL_HOURS, PRACTICE_HOURS,
                             COMPULSORY_OR_ELECTIVE, STATUS, CREATED_DATE, CREATED_USER_ID)
VALUES (18082084, 18082, 'Öğretim İlke ve Yöntemleri', 'THIRD', 2, 2, 0, 'COMPULSORY', 'ACTIVE', '2021-12-15 20:13:45',
        1);

INSERT INTO sis.UNIV_LESSON (LESSON_ID, DEPARTMENT_ID, NAME, SEMESTER, CREDIT, THEORETICAL_HOURS, PRACTICE_HOURS,
                             COMPULSORY_OR_ELECTIVE, STATUS, CREATED_DATE, CREATED_USER_ID)
VALUES (18082085, 18082, 'Motor Gelişim', 'THIRD', 3, 3, 0, 'COMPULSORY', 'ACTIVE', '2021-12-15 20:13:45', 1);

INSERT INTO sis.UNIV_LESSON (LESSON_ID, DEPARTMENT_ID, NAME, SEMESTER, CREDIT, THEORETICAL_HOURS, PRACTICE_HOURS,
                             COMPULSORY_OR_ELECTIVE, STATUS, CREATED_DATE, CREATED_USER_ID)
VALUES (18082086, 18082, 'Egzersiz Fizyolojisi', 'FOURTH', 3, 3, 0, 'COMPULSORY', 'ACTIVE', '2021-12-15 20:13:45', 1);

INSERT INTO sis.UNIV_LESSON (LESSON_ID, DEPARTMENT_ID, NAME, SEMESTER, CREDIT, THEORETICAL_HOURS, PRACTICE_HOURS,
                             COMPULSORY_OR_ELECTIVE, STATUS, CREATED_DATE, CREATED_USER_ID)
VALUES (18082087, 18082, 'Ritim Eğitimi ve Dans', 'FOURTH', 2, 1, 2, 'COMPULSORY', 'ACTIVE', '2021-12-15 20:13:45', 1);

INSERT INTO sis.UNIV_LESSON (LESSON_ID, DEPARTMENT_ID, NAME, SEMESTER, CREDIT, THEORETICAL_HOURS, PRACTICE_HOURS,
                             COMPULSORY_OR_ELECTIVE, STATUS, CREATED_DATE, CREATED_USER_ID)
VALUES (18082088, 18082, 'Eğitimde Ahlâk ve Etik', 'FIFTH', 2, 2, 0, 'COMPULSORY', 'ACTIVE', '2021-12-15 20:13:45', 1);

INSERT INTO sis.UNIV_LESSON (LESSON_ID, DEPARTMENT_ID, NAME, SEMESTER, CREDIT, THEORETICAL_HOURS, PRACTICE_HOURS,
                             COMPULSORY_OR_ELECTIVE, STATUS, CREATED_DATE, CREATED_USER_ID)
VALUES (18082089, 18082, 'Antrenman Bilgisi', 'FIFTH', 2, 2, 0, 'COMPULSORY', 'ACTIVE', '2021-12-15 20:13:45', 1);

INSERT INTO sis.UNIV_LESSON (LESSON_ID, DEPARTMENT_ID, NAME, SEMESTER, CREDIT, THEORETICAL_HOURS, PRACTICE_HOURS,
                             COMPULSORY_OR_ELECTIVE, STATUS, CREATED_DATE, CREATED_USER_ID)
VALUES (18082090, 18082, 'Beceri Öğrenimi', 'SIXTH', 3, 3, 0, 'COMPULSORY', 'ACTIVE', '2021-12-15 20:13:45', 1);

INSERT INTO sis.UNIV_LESSON (LESSON_ID, DEPARTMENT_ID, NAME, SEMESTER, CREDIT, THEORETICAL_HOURS, PRACTICE_HOURS,
                             COMPULSORY_OR_ELECTIVE, STATUS, CREATED_DATE, CREATED_USER_ID)
VALUES (18082091, 18082, 'Fiziksel Uygunluk', 'SIXTH', 3, 3, 0, 'COMPULSORY', 'ACTIVE', '2021-12-15 20:13:45', 1);

INSERT INTO sis.UNIV_LESSON (LESSON_ID, DEPARTMENT_ID, NAME, SEMESTER, CREDIT, THEORETICAL_HOURS, PRACTICE_HOURS,
                             COMPULSORY_OR_ELECTIVE, STATUS, CREATED_DATE, CREATED_USER_ID)
VALUES (18082092, 18082, 'Halk Oyunları', 'SEVENTH', 2, 1, 2, 'COMPULSORY', 'ACTIVE', '2021-12-15 20:13:45', 1);

INSERT INTO sis.UNIV_LESSON (LESSON_ID, DEPARTMENT_ID, NAME, SEMESTER, CREDIT, THEORETICAL_HOURS, PRACTICE_HOURS,
                             COMPULSORY_OR_ELECTIVE, STATUS, CREATED_DATE, CREATED_USER_ID)
VALUES (18082093, 18082, 'Egzersiz ve Beslenme', 'SEVENTH', 2, 2, 0, 'COMPULSORY', 'ACTIVE', '2021-12-15 20:13:45', 1);

INSERT INTO sis.UNIV_LESSON (LESSON_ID, DEPARTMENT_ID, NAME, SEMESTER, CREDIT, THEORETICAL_HOURS, PRACTICE_HOURS,
                             COMPULSORY_OR_ELECTIVE, STATUS, CREATED_DATE, CREATED_USER_ID)
VALUES (18082094, 18082, 'Okullarda Rehberlik', 'EIGHTH', 2, 2, 0, 'COMPULSORY', 'ACTIVE', '2021-12-15 20:13:45', 1);

INSERT INTO sis.UNIV_LESSON (LESSON_ID, DEPARTMENT_ID, NAME, SEMESTER, CREDIT, THEORETICAL_HOURS, PRACTICE_HOURS,
                             COMPULSORY_OR_ELECTIVE, STATUS, CREATED_DATE, CREATED_USER_ID)
VALUES (18082095, 18082, 'Uyarlanmış Beden Eğitimi ve Spor', 'EIGHTH', 2, 1, 2, 'COMPULSORY', 'ACTIVE',
        '2021-12-15 20:13:45', 1);

INSERT INTO sis.UNIV_LESSON (LESSON_ID, DEPARTMENT_ID, NAME, SEMESTER, CREDIT, THEORETICAL_HOURS, PRACTICE_HOURS,
                             COMPULSORY_OR_ELECTIVE, STATUS, CREATED_DATE, CREATED_USER_ID)
VALUES (19094011, 19094, 'Osmanlı Türkçesine Giriş', 'FIRST', 4, 4, 0, 'COMPULSORY', 'ACTIVE', '2021-12-15 20:13:45',
        1);

INSERT INTO sis.UNIV_LESSON (LESSON_ID, DEPARTMENT_ID, NAME, SEMESTER, CREDIT, THEORETICAL_HOURS, PRACTICE_HOURS,
                             COMPULSORY_OR_ELECTIVE, STATUS, CREATED_DATE, CREATED_USER_ID)
VALUES (19094012, 19094, 'Eski Türk Edebiyatına Giriş', 'FIRST', 2, 2, 0, 'COMPULSORY', 'ACTIVE', '2021-12-15 20:13:45',
        1);

INSERT INTO sis.UNIV_LESSON (LESSON_ID, DEPARTMENT_ID, NAME, SEMESTER, CREDIT, THEORETICAL_HOURS, PRACTICE_HOURS,
                             COMPULSORY_OR_ELECTIVE, STATUS, CREATED_DATE, CREATED_USER_ID)
VALUES (19094013, 19094, 'Osmanlı Türkçesi Grameri', 'SECOND', 4, 4, 0, 'COMPULSORY', 'ACTIVE', '2021-12-15 20:13:45',
        1);

INSERT INTO sis.UNIV_LESSON (LESSON_ID, DEPARTMENT_ID, NAME, SEMESTER, CREDIT, THEORETICAL_HOURS, PRACTICE_HOURS,
                             COMPULSORY_OR_ELECTIVE, STATUS, CREATED_DATE, CREATED_USER_ID)
VALUES (19094014, 19094, 'Türk Halk Edebiyatına Giriş', 'SECOND', 2, 2, 0, 'COMPULSORY', 'ACTIVE',
        '2021-12-15 20:13:45', 1);

INSERT INTO sis.UNIV_LESSON (LESSON_ID, DEPARTMENT_ID, NAME, SEMESTER, CREDIT, THEORETICAL_HOURS, PRACTICE_HOURS,
                             COMPULSORY_OR_ELECTIVE, STATUS, CREATED_DATE, CREATED_USER_ID)
VALUES (19094015, 19094, 'Tanzimat Edebiyatı', 'THIRD', 2, 2, 0, 'COMPULSORY', 'ACTIVE', '2021-12-15 20:13:45', 1);

INSERT INTO sis.UNIV_LESSON (LESSON_ID, DEPARTMENT_ID, NAME, SEMESTER, CREDIT, THEORETICAL_HOURS, PRACTICE_HOURS,
                             COMPULSORY_OR_ELECTIVE, STATUS, CREATED_DATE, CREATED_USER_ID)
VALUES (19094016, 19094, 'Osmanlı Türkçesi', 'THIRD', 4, 4, 0, 'COMPULSORY', 'ACTIVE', '2021-12-15 20:13:45', 1);

INSERT INTO sis.UNIV_LESSON (LESSON_ID, DEPARTMENT_ID, NAME, SEMESTER, CREDIT, THEORETICAL_HOURS, PRACTICE_HOURS,
                             COMPULSORY_OR_ELECTIVE, STATUS, CREATED_DATE, CREATED_USER_ID)
VALUES (19094017, 19094, 'Eski Uygurca', 'FOURTH', 2, 2, 0, 'COMPULSORY', 'ACTIVE', '2021-12-15 20:13:45', 1);

INSERT INTO sis.UNIV_LESSON (LESSON_ID, DEPARTMENT_ID, NAME, SEMESTER, CREDIT, THEORETICAL_HOURS, PRACTICE_HOURS,
                             COMPULSORY_OR_ELECTIVE, STATUS, CREATED_DATE, CREATED_USER_ID)
VALUES (19094018, 19094, 'Türkiye Türkçesi Cümle Bilgisi', 'FOURTH', 3, 3, 0, 'COMPULSORY', 'ACTIVE',
        '2021-12-15 20:13:45', 1);

INSERT INTO sis.UNIV_LESSON (LESSON_ID, DEPARTMENT_ID, NAME, SEMESTER, CREDIT, THEORETICAL_HOURS, PRACTICE_HOURS,
                             COMPULSORY_OR_ELECTIVE, STATUS, CREATED_DATE, CREATED_USER_ID)
VALUES (19094019, 19094, 'Karahanlı Türkçesi', 'FIFTH', 2, 2, 0, 'COMPULSORY', 'ACTIVE', '2021-12-15 20:13:45', 1);

INSERT INTO sis.UNIV_LESSON (LESSON_ID, DEPARTMENT_ID, NAME, SEMESTER, CREDIT, THEORETICAL_HOURS, PRACTICE_HOURS,
                             COMPULSORY_OR_ELECTIVE, STATUS, CREATED_DATE, CREATED_USER_ID)
VALUES (19094020, 19094, 'Servet-i Fünun Edebiyatı', 'FIFTH', 2, 2, 0, 'COMPULSORY', 'ACTIVE', '2021-12-15 20:13:45',
        1);

INSERT INTO sis.UNIV_LESSON (LESSON_ID, DEPARTMENT_ID, NAME, SEMESTER, CREDIT, THEORETICAL_HOURS, PRACTICE_HOURS,
                             COMPULSORY_OR_ELECTIVE, STATUS, CREATED_DATE, CREATED_USER_ID)
VALUES (19094021, 19094, 'Harezm Türkçesi', 'SIXTH', 2, 2, 0, 'COMPULSORY', 'ACTIVE', '2021-12-15 20:13:45', 1);

INSERT INTO sis.UNIV_LESSON (LESSON_ID, DEPARTMENT_ID, NAME, SEMESTER, CREDIT, THEORETICAL_HOURS, PRACTICE_HOURS,
                             COMPULSORY_OR_ELECTIVE, STATUS, CREATED_DATE, CREATED_USER_ID)
VALUES (19094022, 19094, 'İkinci Meşrutiyet Dönemi Edebiyatı', 'SIXTH', 2, 2, 0, 'COMPULSORY', 'ACTIVE',
        '2021-12-15 20:13:45', 1);

INSERT INTO sis.UNIV_LESSON (LESSON_ID, DEPARTMENT_ID, NAME, SEMESTER, CREDIT, THEORETICAL_HOURS, PRACTICE_HOURS,
                             COMPULSORY_OR_ELECTIVE, STATUS, CREATED_DATE, CREATED_USER_ID)
VALUES (19094023, 19094, 'Cumhuriyet Dönemi Edebiyatı', 'SEVENTH', 2, 2, 0, 'COMPULSORY', 'ACTIVE',
        '2021-12-15 20:13:45', 1);

INSERT INTO sis.UNIV_LESSON (LESSON_ID, DEPARTMENT_ID, NAME, SEMESTER, CREDIT, THEORETICAL_HOURS, PRACTICE_HOURS,
                             COMPULSORY_OR_ELECTIVE, STATUS, CREATED_DATE, CREATED_USER_ID)
VALUES (19094024, 19094, 'Çağatay Türkçesi', 'SEVENTH', 2, 2, 0, 'COMPULSORY', 'ACTIVE', '2021-12-15 20:13:45', 1);

INSERT INTO sis.UNIV_LESSON (LESSON_ID, DEPARTMENT_ID, NAME, SEMESTER, CREDIT, THEORETICAL_HOURS, PRACTICE_HOURS,
                             COMPULSORY_OR_ELECTIVE, STATUS, CREATED_DATE, CREATED_USER_ID)
VALUES (19094025, 19094, 'Türkoloji Çalışmaları', 'EIGHTH', 4, 4, 0, 'COMPULSORY', 'ACTIVE', '2021-12-15 20:13:45', 1);

INSERT INTO sis.UNIV_LESSON (LESSON_ID, DEPARTMENT_ID, NAME, SEMESTER, CREDIT, THEORETICAL_HOURS, PRACTICE_HOURS,
                             COMPULSORY_OR_ELECTIVE, STATUS, CREATED_DATE, CREATED_USER_ID)
VALUES (19094026, 19094, 'Türkiye Türkçesi', 'EIGHTH', 2, 2, 0, 'COMPULSORY', 'ACTIVE', '2021-12-15 20:13:45', 1);



# --------------------------------------------
# Insert SQL for Table UNIV_FEATURE_TOGGLE
# --------------------------------------------
INSERT INTO sis.UNIV_FEATURE_TOGGLE (NAME, IS_ENABLED, START_DATE, END_DATE, CREATED_DATE, CREATED_USER_ID)
VALUES ('FIRST_SEMESTER_LESSON_DATE_RANGE', 1, '2021-09-13 08:00', '2021-12-24 23:59',
        '2022-05-04 15:12:04', 1);

INSERT INTO sis.UNIV_FEATURE_TOGGLE (NAME, IS_ENABLED, START_DATE, END_DATE, CREATED_DATE, CREATED_USER_ID)
VALUES ('SECOND_SEMESTER_LESSON_DATE_RANGE', 1, '2022-02-07 08:00', '2022-05-27 23:59',
        '2022-05-04 15:12:04', 1);

INSERT INTO sis.UNIV_FEATURE_TOGGLE (NAME, IS_ENABLED, START_DATE, END_DATE, CREATED_DATE, CREATED_USER_ID)
VALUES ('FIRST_SEMESTER_LESSON_REGISTRATION_OPERATIONS', 1, '2022-03-26 08:00', '2022-07-10 23:59',
        '2022-03-26 23:09:37', 1);

INSERT INTO sis.UNIV_FEATURE_TOGGLE (NAME, IS_ENABLED, START_DATE, END_DATE, CREATED_DATE, CREATED_USER_ID)
VALUES ('SECOND_SEMESTER_LESSON_REGISTRATION_OPERATIONS', 0, '2022-03-26 08:00', '2022-07-10 23:59',
        '2022-03-26 23:09:37', 1);

INSERT INTO sis.UNIV_FEATURE_TOGGLE (NAME, IS_ENABLED, START_DATE, END_DATE, CREATED_DATE, CREATED_USER_ID)
VALUES ('NOTE_OPERATIONS', 1, '2022-03-26 08:00', '2022-07-10 23:59', '2022-03-26 23:09:37', 1);

INSERT INTO sis.UNIV_FEATURE_TOGGLE (NAME, IS_ENABLED, START_DATE, END_DATE, CREATED_DATE, CREATED_USER_ID)
VALUES ('MIDTERM_NOTE_OPERATIONS', 0, '2022-03-26 08:00', '2022-07-10 23:59', '2022-03-26 23:09:37', 1);

INSERT INTO sis.UNIV_FEATURE_TOGGLE (NAME, IS_ENABLED, START_DATE, END_DATE, CREATED_DATE, CREATED_USER_ID)
VALUES ('FINAL_NOTE_OPERATIONS', 0, '2022-03-26 08:00', '2022-07-10 23:59', '2022-03-26 23:09:37', 1);

INSERT INTO sis.UNIV_FEATURE_TOGGLE (NAME, IS_ENABLED, START_DATE, END_DATE, CREATED_DATE, CREATED_USER_ID)
VALUES ('RESIT_NOTE_OPERATIONS', 0, '2022-03-26 08:00', '2022-07-10 23:59', '2022-03-26 23:09:37', 1);
