# --------------------------------------------
# Insert SQL for Table TEACHER_ACADEMIC_INFO
# --------------------------------------------
INSERT INTO sis.TEACHER_ACADEMIC_INFO (TEACHER_ID, DEGREE, ROLE, DEPARTMENT_ID, FIELD_OF_STUDY, EMAIL, PHONE_NUMBER,
                                       STATUS, REGISTRATION_DATE, CREATED_DATE, CREATED_USER_ID)
VALUES ('11012020', 'ASSISTANT_PROFESSOR', 'TEACHER', '15050', 'KÜLTÜR VE DİL', 'fatma.acar@university.edu.tr',
        '5336987541', 'ACTIVE', '2021-11-30 13:27:10', '2021-11-30 13:27:10', '1');

INSERT INTO sis.TEACHER_ACADEMIC_INFO (TEACHER_ID, DEGREE, ROLE, DEPARTMENT_ID, FIELD_OF_STUDY, EMAIL, PHONE_NUMBER,
                                       STATUS, REGISTRATION_DATE, CREATED_DATE, CREATED_USER_ID)
VALUES ('11012021', 'ASSISTANT_PROFESSOR', 'TEACHER', '13041', 'EPİDEMİYOLOJİ', 'sevinc.ak@university.edu.tr',
        '5052361547', 'ACTIVE', '2021-11-30 13:27:10', '2021-11-30 13:27:10', '1');

INSERT INTO sis.TEACHER_ACADEMIC_INFO (TEACHER_ID, DEGREE, ROLE, DEPARTMENT_ID, FIELD_OF_STUDY, EMAIL, PHONE_NUMBER,
                                       STATUS, REGISTRATION_DATE, CREATED_DATE, CREATED_USER_ID)
VALUES ('11012022', 'ASSISTANT_PROFESSOR', 'TEACHER', '17076', 'DÜNYA MUTFAK KÜLTÜRÜ', 'recep.dogan@university.edu.tr',
        '5569871523', 'ACTIVE', '2021-11-30 13:27:10', '2021-11-30 13:27:10', '1');

INSERT INTO sis.TEACHER_ACADEMIC_INFO (TEACHER_ID, DEGREE, ROLE, DEPARTMENT_ID, FIELD_OF_STUDY, EMAIL, PHONE_NUMBER,
                                       STATUS, REGISTRATION_DATE, CREATED_DATE, CREATED_USER_ID)
VALUES ('11012023', 'ASSISTANT_PROFESSOR', 'TEACHER', '11011', 'ELEKTRONİK DEVRELER', 'ilyas.yalcin@university.edu.tr',
        '5452569585', 'ACTIVE', '2021-11-30 13:27:10', '2021-11-30 13:27:10', '1');

INSERT INTO sis.TEACHER_ACADEMIC_INFO (TEACHER_ID, DEGREE, ROLE, DEPARTMENT_ID, FIELD_OF_STUDY, EMAIL, PHONE_NUMBER,
                                       STATUS, REGISTRATION_DATE, CREATED_DATE, CREATED_USER_ID)
VALUES ('11012024', 'ASSISTANT_PROFESSOR', 'TEACHER', '19094', 'SERVET-İ FÜNUN EDEBİYATI',
        'serife.bilir@university.edu.tr',
        '5356925412', 'ACTIVE', '2021-11-30 13:27:10', '2021-11-30 13:27:10', '1');

INSERT INTO sis.TEACHER_ACADEMIC_INFO (TEACHER_ID, DEGREE, ROLE, DEPARTMENT_ID, FIELD_OF_STUDY, EMAIL, PHONE_NUMBER,
                                       STATUS, REGISTRATION_DATE, CREATED_DATE, CREATED_USER_ID)
VALUES ('11012025', 'ASSISTANT_PROFESSOR', 'TEACHER', '13041', 'GENETİK', 'kaan.bilgic@university.edu.tr',
        '5463521213', 'ACTIVE', '2021-11-30 13:27:10', '2021-11-30 13:27:10', '1');

INSERT INTO sis.TEACHER_ACADEMIC_INFO (TEACHER_ID, DEGREE, ROLE, DEPARTMENT_ID, FIELD_OF_STUDY, EMAIL, PHONE_NUMBER,
                                       STATUS, REGISTRATION_DATE, CREATED_DATE, CREATED_USER_ID)
VALUES ('11012026', 'ASSISTANT_PROFESSOR', 'ADVISOR', '11012', 'NESNEYE DAYALI PROGRAMLAMA',
        'abdullah.can@university.edu.tr',
        '5481236598', 'ACTIVE', '2021-11-30 13:27:10', '2021-11-30 13:27:10', '1');

INSERT INTO sis.TEACHER_ACADEMIC_INFO (TEACHER_ID, DEGREE, ROLE, DEPARTMENT_ID, FIELD_OF_STUDY, EMAIL, PHONE_NUMBER,
                                       STATUS, REGISTRATION_DATE, CREATED_DATE, CREATED_USER_ID)
VALUES ('11012027', 'ASSISTANT_PROFESSOR', 'TEACHER', '11012', 'VERİ MADENCİLİĞİ, FİZİK',
        'yucel.civan@university.edu.tr',
        '5369585455', 'ACTIVE', '2021-11-30 13:27:10', '2021-11-30 13:27:10', '1');

INSERT INTO sis.TEACHER_ACADEMIC_INFO (TEACHER_ID, DEGREE, ROLE, DEPARTMENT_ID, FIELD_OF_STUDY, EMAIL, PHONE_NUMBER,
                                       STATUS, REGISTRATION_DATE, CREATED_DATE, CREATED_USER_ID)
VALUES ('11012028', 'ASSISTANT_PROFESSOR', 'TEACHER', '11012', 'VERİ MADENCİLİĞİ, MATEMATİK',
        'gonul.caglar@university.edu.tr',
        '5452566566', 'ACTIVE', '2021-11-30 13:27:10', '2021-11-30 13:27:10', '1');

INSERT INTO sis.TEACHER_ACADEMIC_INFO (TEACHER_ID, DEGREE, ROLE, DEPARTMENT_ID, FIELD_OF_STUDY, EMAIL, PHONE_NUMBER,
                                       STATUS, REGISTRATION_DATE, CREATED_DATE, CREATED_USER_ID)
VALUES ('11012029', 'ASSISTANT_PROFESSOR', 'HEAD_OF_DEPARTMENT', '11012', 'VERİ MADENCİLİĞİ',
        'gulben.malder@university.edu.tr',
        '5345213232', 'ACTIVE', '2021-11-30 13:27:10', '2021-11-30 13:27:10', '1');


# --------------------------------------------
# Insert SQL for Table TEACHER_PERSONAL_INFO
# --------------------------------------------
INSERT INTO sis.TEACHER_PERSONAL_INFO (TEACHER_ID, TC_NO, NAME, SURNAME, EMAIL, PHONE_NUMBER, STATUS, PROFILE_PHOTO,
                                       PROFILE_PHOTO_URL, BIRTHDAY, ADDRESS, CREATED_DATE, CREATED_USER_ID)
VALUES ('11012020', '12365498715', 'Fatma', 'Acar', 'fatman.acar@sisgmail.com', '5336987541', 'ACTIVE',
        null, null, '2021-11-30 13:27:10', 'İstanbul', '2021-11-30 13:27:10', '1');

INSERT INTO sis.TEACHER_PERSONAL_INFO (TEACHER_ID, TC_NO, NAME, SURNAME, EMAIL, PHONE_NUMBER, STATUS, PROFILE_PHOTO,
                                       PROFILE_PHOTO_URL, BIRTHDAY, ADDRESS, CREATED_DATE, CREATED_USER_ID)
VALUES ('11012021', '15935796321', 'Sevinç', 'Ak', 'sevinc.ak@sisgmail.com', '5052361547', 'ACTIVE',
        null, null, '2021-11-30 13:27:10', 'İstanbul', '2021-11-30 13:27:10', '1');

INSERT INTO sis.TEACHER_PERSONAL_INFO (TEACHER_ID, TC_NO, NAME, SURNAME, EMAIL, PHONE_NUMBER, STATUS, PROFILE_PHOTO,
                                       PROFILE_PHOTO_URL, BIRTHDAY, ADDRESS, CREATED_DATE, CREATED_USER_ID)
VALUES ('11012022', '35648275124', 'Recep', 'Doğan', 'recep.dogan@sisgmail.com', '5569871523', 'ACTIVE',
        null, null, '2021-11-30 13:27:10', 'İstanbul', '2021-11-30 13:27:10', '1');

INSERT INTO sis.TEACHER_PERSONAL_INFO (TEACHER_ID, TC_NO, NAME, SURNAME, EMAIL, PHONE_NUMBER, STATUS, PROFILE_PHOTO,
                                       PROFILE_PHOTO_URL, BIRTHDAY, ADDRESS, CREATED_DATE, CREATED_USER_ID)
VALUES ('11012023', '15236895412', 'İlyas', 'Yalçın', 'ilyas.yalcin@sisgmail.com', '5452569585', 'ACTIVE',
        null, null, '2021-11-30 13:27:10', 'İstanbul', '2021-11-30 13:27:10', '1');

INSERT INTO sis.TEACHER_PERSONAL_INFO (TEACHER_ID, TC_NO, NAME, SURNAME, EMAIL, PHONE_NUMBER, STATUS, PROFILE_PHOTO,
                                       PROFILE_PHOTO_URL, BIRTHDAY, ADDRESS, CREATED_DATE, CREATED_USER_ID)
VALUES ('11012024', '25467598562', 'Şerife', 'Bilir', 'serife.bilir@sisgmail.com', '5356925412', 'ACTIVE',
        null, null, '2021-11-30 13:27:10', 'İstanbul', '2021-11-30 13:27:10', '1');

INSERT INTO sis.TEACHER_PERSONAL_INFO (TEACHER_ID, TC_NO, NAME, SURNAME, EMAIL, PHONE_NUMBER, STATUS, PROFILE_PHOTO,
                                       PROFILE_PHOTO_URL, BIRTHDAY, ADDRESS, CREATED_DATE, CREATED_USER_ID)
VALUES ('11012025', '12365489652', 'Kaan', 'Bilgeç', 'kaan.bilgec@sisgmail.com', '5463521213', 'ACTIVE',
        null, null, '2021-11-30 13:27:10', 'İstanbul', '2021-11-30 13:27:10', '1');

INSERT INTO sis.TEACHER_PERSONAL_INFO (TEACHER_ID, TC_NO, NAME, SURNAME, EMAIL, PHONE_NUMBER, STATUS, PROFILE_PHOTO,
                                       PROFILE_PHOTO_URL, BIRTHDAY, ADDRESS, CREATED_DATE, CREATED_USER_ID)
VALUES ('11012026', '15936214785', 'Abdullah', 'Can', 'abdullah.can@sisgmail.com', '5481236598', 'ACTIVE',
        null, null, '2021-11-30 13:27:10', 'İstanbul', '2021-11-30 13:27:10', '1');

INSERT INTO sis.TEACHER_PERSONAL_INFO (TEACHER_ID, TC_NO, NAME, SURNAME, EMAIL, PHONE_NUMBER, STATUS, PROFILE_PHOTO,
                                       PROFILE_PHOTO_URL, BIRTHDAY, ADDRESS, CREATED_DATE, CREATED_USER_ID)
VALUES ('11012027', '15935768251', 'Yücel', 'Civan', 'yucel.civan@sisgmail.com', '5369585455', 'ACTIVE',
        null, null, '2021-11-30 13:27:10', 'İstanbul', '2021-11-30 13:27:10', '1');

INSERT INTO sis.TEACHER_PERSONAL_INFO (TEACHER_ID, TC_NO, NAME, SURNAME, EMAIL, PHONE_NUMBER, STATUS, PROFILE_PHOTO,
                                       PROFILE_PHOTO_URL, BIRTHDAY, ADDRESS, CREATED_DATE, CREATED_USER_ID)
VALUES ('11012028', '36985269326', 'Gönül', 'Cağlar', 'gonul.caglar@sisgmail.com', '5452566566', 'ACTIVE',
        null, null, '2021-11-30 13:27:10', 'İstanbul', '2021-11-30 13:27:10', '1');

INSERT INTO sis.TEACHER_PERSONAL_INFO (TEACHER_ID, TC_NO, NAME, SURNAME, EMAIL, PHONE_NUMBER, STATUS, PROFILE_PHOTO,
                                       PROFILE_PHOTO_URL, BIRTHDAY, ADDRESS, CREATED_DATE, CREATED_USER_ID)
VALUES ('11012029', '15236895120', 'Gülben', 'Malder', 'gulben.malder@sisgmail.com', '5345213232', 'ACTIVE',
        null, null, '2021-11-30 13:27:10', 'İstanbul', '2021-11-30 13:27:10', '1');


# --------------------------------------------
# Insert SQL for Table TEACHER_LESSON
# --------------------------------------------
INSERT INTO sis.TEACHER_LESSON (TEACHER_ID, LESSON_ID, CREATED_DATE, CREATED_USER_ID)
VALUES (11012029, 11012001, '2021-12-17 16:31:35', 1);

INSERT INTO sis.TEACHER_LESSON (TEACHER_ID, LESSON_ID, CREATED_DATE, CREATED_USER_ID)
VALUES (11012028, 11012003, '2021-12-17 16:31:35', 1);

INSERT INTO sis.TEACHER_LESSON (TEACHER_ID, LESSON_ID, CREATED_DATE, CREATED_USER_ID)
VALUES (11012028, 11012005, '2021-12-17 16:31:35', 1);

INSERT INTO sis.TEACHER_LESSON (TEACHER_ID, LESSON_ID, CREATED_DATE, CREATED_USER_ID)
VALUES (11012027, 11012002, '2021-12-17 16:31:35', 1);

INSERT INTO sis.TEACHER_LESSON (TEACHER_ID, LESSON_ID, CREATED_DATE, CREATED_USER_ID)
VALUES (11012027, 11012004, '2021-12-17 16:31:35', 1);

INSERT INTO sis.TEACHER_LESSON (TEACHER_ID, LESSON_ID, CREATED_DATE, CREATED_USER_ID)
VALUES (11012029, 11012006, '2021-12-17 16:31:35', 1);


# --------------------------------------------
# Insert SQL for Table TEACHER_PARAMETER
# --------------------------------------------
INSERT INTO sis.TEACHER_PARAMETER (ID, NAME, VALUE, CREATED_DATE, CREATED_USER_ID)
VALUES (1, 'MAIL_SMTP_SENDER_EMAIL', 'student.info.smtp@gmail.com', '2021-12-11 19:46:33', '1');

INSERT INTO sis.TEACHER_PARAMETER (ID, NAME, VALUE, CREATED_DATE, CREATED_USER_ID)
VALUES (2, 'MAIL_SMTP_SENDER_PASSWORD', 'fiFhas-resrar-2buzqu', '2021-12-11 19:46:33', '1');

INSERT INTO sis.TEACHER_PARAMETER (ID, NAME, VALUE, CREATED_DATE, CREATED_USER_ID)
VALUES (3, 'MAIL_SMTP_SENDER_NAME', 'Öğrenci Bilgi Sistemi', '2021-12-11 19:46:33', '1');

INSERT INTO sis.TEACHER_PARAMETER (ID, NAME, VALUE, CREATED_DATE, CREATED_USER_ID)
VALUES (4, 'MAIL_SMTP_HOST', 'smtp.gmail.com', '2021-12-11 19:46:33', '1');

INSERT INTO sis.TEACHER_PARAMETER (ID, NAME, VALUE, CREATED_DATE, CREATED_USER_ID)
VALUES (5, 'MAIL_SMTP_PORT', '587', '2021-12-11 19:46:33', '1');

INSERT INTO sis.TEACHER_PARAMETER (ID, NAME, VALUE, CREATED_DATE, CREATED_USER_ID)
VALUES (6, 'MAIL_SMTP_AUTH', 'true', '2021-12-11 19:46:33', '1');

INSERT INTO sis.TEACHER_PARAMETER (ID, NAME, VALUE, CREATED_DATE, CREATED_USER_ID)
VALUES (7, 'MAIL_SMTP_START_TLS_ENABLE', 'true', '2021-12-11 19:46:33', '1');

INSERT INTO sis.TEACHER_PARAMETER (ID, NAME, VALUE, CREATED_DATE, CREATED_USER_ID)
VALUES (8, 'MAIL_TEMPLATE_FIRST_PASSWORD',
        '<!DOCTYPE html>
        <html>
        <body>
        <p>Merhaba {teacherName},<br><br>
        {date} tarihinde Öğretmen Hesabınız başarıyla oluşturulmuştur.<br><br>

        <b>Öğretmen Numarası</b>: {teacherNumber}<br><br>

        </b>{changePasswordUrl}</b><br><br>

        Şifrenizi yukarıdaki link üzerinden oluşturabilirsiniz.<br>
        Link sadece mail gönderiminden itibaren 24 Saat için geçerlidir!<br><br>

        Teşekkürler,<br>
        SIS Ekibi</p>
        </body></html>',
        '2021-12-11 19:46:33', '1');

INSERT INTO sis.TEACHER_PARAMETER (ID, NAME, VALUE, CREATED_DATE, CREATED_USER_ID)
VALUES (9, 'MAIL_TEMPLATE_FORGOT_PASSWORD',
        '<!DOCTYPE html>
        <html>
        <body>
        <p>Merhaba {teacherName},<br><br>
        Öğrenci Bilgi Sistemi şifre değiştirme isteğiniz üzerine;<br><br>

        <b>Öğretmen Numarası</b>: {teacherNumber}<br><br>

        </b>{changePasswordUrl}</b><br><br>

        Şifrenizi yukarıdaki link üzerinden oluşturabilirsiniz.<br>
        Link sadece mail gönderiminden itibaren 24 Saat için geçerlidir!<br><br>

        Eğer bu isteği siz yapmadıysanız bu maili dikkate almayınız.<br><br>

        Teşekkürler,<br>
        SIS Ekibi</p>
        </body></html>',
        '2021-12-11 19:46:33', '1');
