# --------------------------------------------
# Insert SQL for Table STUDENT_ACADEMIC_INFO
# --------------------------------------------
INSERT INTO sis.STUDENT_ACADEMIC_INFO (STUDENT_ID, DEPARTMENT_ID, DEGREE, CLASS_LEVEL, EMAIL, STATUS, REGISTRATION_DATE,
                                       CREATED_DATE, CREATED_USER_ID)
VALUES ('200011101210', '11012', 'DOCTORAL', 'FIRST', 'eren.korkmaz@ogr.university.edu.tr', 'ACTIVE',
        '2021-11-23 15:26:11', '2021-11-23 15:26:11', '1');

INSERT INTO sis.STUDENT_ACADEMIC_INFO (STUDENT_ID, DEPARTMENT_ID, DEGREE, CLASS_LEVEL, EMAIL, STATUS, REGISTRATION_DATE,
                                       CREATED_DATE, CREATED_USER_ID)
VALUES ('200011101211', '11012', 'DOCTORAL', 'FIRST', 'baris.altun@ogr.university.edu.tr', 'ACTIVE',
        '2021-11-23 15:26:11', '2021-11-23 15:26:11', '1');

INSERT INTO sis.STUDENT_ACADEMIC_INFO (STUDENT_ID, DEPARTMENT_ID, DEGREE, CLASS_LEVEL, EMAIL, STATUS, REGISTRATION_DATE,
                                       CREATED_DATE, CREATED_USER_ID)
VALUES ('200011101212', '11012', 'DOCTORAL', 'FIRST', 'mehmet.kapukaya@ogr.university.edu.tr', 'ACTIVE',
        '2021-11-23 15:26:11', '2021-11-23 15:26:11', '1');

INSERT INTO sis.STUDENT_ACADEMIC_INFO (STUDENT_ID, DEPARTMENT_ID, DEGREE, CLASS_LEVEL, EMAIL, STATUS, REGISTRATION_DATE,
                                       CREATED_DATE, CREATED_USER_ID)
VALUES ('200011101213', '11012', 'DOCTORAL', 'FIRST', 'umut.bilgin@ogr.university.edu.tr', 'ACTIVE',
        '2021-11-23 15:26:11', '2021-11-23 15:26:11', '1');

INSERT INTO sis.STUDENT_ACADEMIC_INFO (STUDENT_ID, DEPARTMENT_ID, DEGREE, CLASS_LEVEL, EMAIL, STATUS, REGISTRATION_DATE,
                                       CREATED_DATE, CREATED_USER_ID)
VALUES ('200011101214', '11012', 'DOCTORAL', 'FIRST', 'berfin.bural@ogr.university.edu.tr', 'ACTIVE',
        '2021-11-23 15:26:11', '2021-11-23 15:26:11', '1');

INSERT INTO sis.STUDENT_ACADEMIC_INFO (STUDENT_ID, DEPARTMENT_ID, DEGREE, CLASS_LEVEL, EMAIL, STATUS, REGISTRATION_DATE,
                                       CREATED_DATE, CREATED_USER_ID)
VALUES ('200011101215', '11012', 'DOCTORAL', 'FIRST', 'koray.guncan@ogr.university.edu.tr', 'ACTIVE',
        '2021-11-23 15:26:11', '2021-11-23 15:26:11', '1');

INSERT INTO sis.STUDENT_ACADEMIC_INFO (STUDENT_ID, DEPARTMENT_ID, DEGREE, CLASS_LEVEL, EMAIL, STATUS, REGISTRATION_DATE,
                                       CREATED_DATE, CREATED_USER_ID)
VALUES ('200011101216', '11012', 'DOCTORAL', 'FIRST', 'beyza.tavil@ogr.university.edu.tr', 'ACTIVE',
        '2021-11-23 15:26:11', '2021-11-23 15:26:11', '1');

INSERT INTO sis.STUDENT_ACADEMIC_INFO (STUDENT_ID, DEPARTMENT_ID, DEGREE, CLASS_LEVEL, EMAIL, STATUS, REGISTRATION_DATE,
                                       CREATED_DATE, CREATED_USER_ID)
VALUES ('200011101217', '11012', 'DOCTORAL', 'FIRST', 'sümeyye.can@ogr.university.edu.tr', 'ACTIVE',
        '2021-11-23 15:26:11', '2021-11-23 15:26:11', '1');

INSERT INTO sis.STUDENT_ACADEMIC_INFO (STUDENT_ID, DEPARTMENT_ID, DEGREE, CLASS_LEVEL, EMAIL, STATUS, REGISTRATION_DATE,
                                       CREATED_DATE, CREATED_USER_ID)
VALUES ('200011101218', '11012', 'DOCTORAL', 'FIRST', 'betül.bilir@ogr.university.edu.tr', 'ACTIVE',
        '2021-11-23 15:26:11', '2021-11-23 15:26:11', '1');

INSERT INTO sis.STUDENT_ACADEMIC_INFO (STUDENT_ID, DEPARTMENT_ID, DEGREE, CLASS_LEVEL, EMAIL, STATUS, REGISTRATION_DATE,
                                       CREATED_DATE, CREATED_USER_ID)
VALUES ('200011101219', '11012', 'DOCTORAL', 'FIRST', 'yusuf.atmaca@ogr.university.edu.tr', 'ACTIVE',
        '2021-11-23 15:26:11', '2021-11-23 15:26:11', '1');


# --------------------------------------------
# Insert SQL for Table STUDENT_PERSONAL_INFO
# --------------------------------------------
INSERT INTO sis.STUDENT_PERSONAL_INFO (STUDENT_ID, TC_NO, NAME, SURNAME, EMAIL, PHONE_NUMBER, STATUS, PROFILE_PHOTO,
                                       PROFILE_PHOTO_URL, BIRTHDAY, ADDRESS, CREATED_DATE, CREATED_USER_ID)
VALUES ('200011101210', '15963256874', 'Eren', 'Korkmaz', 'eren.korkmaz@sisgmail.com', '05366847893', 'ACTIVE',
        null, null, '2021-11-23 19:52:22', 'Ankara', '2021-11-23 19:52:22', '1');

INSERT INTO sis.STUDENT_PERSONAL_INFO (STUDENT_ID, TC_NO, NAME, SURNAME, EMAIL, PHONE_NUMBER, STATUS, PROFILE_PHOTO,
                                       PROFILE_PHOTO_URL, BIRTHDAY, ADDRESS, CREATED_DATE, CREATED_USER_ID)
VALUES ('200011101211', '15975368521', 'Barış', 'Altun', 'baris.altun@sisgmail.com', '05366847825', 'ACTIVE',
        null, null, '2021-11-23 19:52:22', 'Ankara', '2021-11-23 19:52:22', '1');

INSERT INTO sis.STUDENT_PERSONAL_INFO (STUDENT_ID, TC_NO, NAME, SURNAME, EMAIL, PHONE_NUMBER, STATUS, PROFILE_PHOTO,
                                       PROFILE_PHOTO_URL, BIRTHDAY, ADDRESS, CREATED_DATE, CREATED_USER_ID)
VALUES ('200011101212', '32165474125', 'Mehmet', 'Kapukaya', 'mehmet.kapukaya@sisgmail.com', '05366847819', 'ACTIVE',
        null, null, '2021-11-23 19:52:22', 'Ankara', '2021-11-23 19:52:22', '1');

INSERT INTO sis.STUDENT_PERSONAL_INFO (STUDENT_ID, TC_NO, NAME, SURNAME, EMAIL, PHONE_NUMBER, STATUS, PROFILE_PHOTO,
                                       PROFILE_PHOTO_URL, BIRTHDAY, ADDRESS, CREATED_DATE, CREATED_USER_ID)
VALUES ('200011101213', '45696321457', 'Umut', 'Bilgin', 'umut.bilgin@sisgmail.com', '05366847854', 'ACTIVE',
        null, null, '2021-11-23 19:52:22', 'Ankara', '2021-11-23 19:52:22', '1');

INSERT INTO sis.STUDENT_PERSONAL_INFO (STUDENT_ID, TC_NO, NAME, SURNAME, EMAIL, PHONE_NUMBER, STATUS, PROFILE_PHOTO,
                                       PROFILE_PHOTO_URL, BIRTHDAY, ADDRESS, CREATED_DATE, CREATED_USER_ID)
VALUES ('200011101214', '25468795142', 'Berfin', 'Bural', 'berfin.bural@sisgmail.com', '05366847878', 'ACTIVE',
        null, null, '2021-11-23 19:52:22', 'Ankara', '2021-11-23 19:52:22', '1');

INSERT INTO sis.STUDENT_PERSONAL_INFO (STUDENT_ID, TC_NO, NAME, SURNAME, EMAIL, PHONE_NUMBER, STATUS, PROFILE_PHOTO,
                                       PROFILE_PHOTO_URL, BIRTHDAY, ADDRESS, CREATED_DATE, CREATED_USER_ID)
VALUES ('200011101215', '26585214525', 'Koray', 'Güncan', 'koray.guncan@sisgmail.com', '05366847847', 'ACTIVE',
        null, null, '2021-11-23 19:52:22', 'Ankara', '2021-11-23 19:52:22', '1');

INSERT INTO sis.STUDENT_PERSONAL_INFO (STUDENT_ID, TC_NO, NAME, SURNAME, EMAIL, PHONE_NUMBER, STATUS, PROFILE_PHOTO,
                                       PROFILE_PHOTO_URL, BIRTHDAY, ADDRESS, CREATED_DATE, CREATED_USER_ID)
VALUES ('200011101216', '26359887415', 'Beyza', 'Tavil', 'beyza.tavil@sisgmail.com', '05366847816', 'ACTIVE',
        null, null, '2021-11-23 19:52:22', 'Ankara', '2021-11-23 19:52:22', '1');

INSERT INTO sis.STUDENT_PERSONAL_INFO (STUDENT_ID, TC_NO, NAME, SURNAME, EMAIL, PHONE_NUMBER, STATUS, PROFILE_PHOTO,
                                       PROFILE_PHOTO_URL, BIRTHDAY, ADDRESS, CREATED_DATE, CREATED_USER_ID)
VALUES ('200011101217', '13987415623', 'Sümeyye', 'Can', 'sumeyye.can@sisgmail.com', '05366847817', 'ACTIVE',
        null, null, '2021-11-23 19:52:22', 'Ankara', '2021-11-23 19:52:22', '1');

INSERT INTO sis.STUDENT_PERSONAL_INFO (STUDENT_ID, TC_NO, NAME, SURNAME, EMAIL, PHONE_NUMBER, STATUS, PROFILE_PHOTO,
                                       PROFILE_PHOTO_URL, BIRTHDAY, ADDRESS, CREATED_DATE, CREATED_USER_ID)
VALUES ('200011101218', '16325945982', 'Betül', 'Bilir', 'betül.bilir@sisgmail.com', '05366847898', 'ACTIVE',
        null, null, '2021-11-23 19:52:22', 'Ankara', '2021-11-23 19:52:22', '1');

INSERT INTO sis.STUDENT_PERSONAL_INFO (STUDENT_ID, TC_NO, NAME, SURNAME, EMAIL, PHONE_NUMBER, STATUS, PROFILE_PHOTO,
                                       PROFILE_PHOTO_URL, BIRTHDAY, ADDRESS, CREATED_DATE, CREATED_USER_ID)
VALUES ('200011101219', '34525698512', 'Yusuf', 'Atmaca', 'yusuf.atmaca@sisgmail.com', '05366847811', 'ACTIVE',
        null, null, '2021-11-23 19:52:22', 'Ankara', '2021-11-23 19:52:22', '1');

# --------------------------------------------
# Insert SQL for Table STUDENT_LESSON_REGISTRATION
# --------------------------------------------
INSERT INTO sis.STUDENT_LESSON_REGISTRATION (REGISTRATION_ID, STUDENT_ID, LESSONS_IDS, STATUS, CREATED_DATE,
                                             CREATED_USER_ID, MODIFIED_DATE, MODIFIED_USER_ID)
VALUES ('e969f25b-f956-4a89-a65c-23fb9bfdb96e', 200011101210, '[11012001, 11012002, 11012003]', 'APPROVED',
        '2021-11-23 19:52:22', '1', '2021-11-23 19:52:22', '1');

INSERT INTO sis.STUDENT_LESSON_REGISTRATION (REGISTRATION_ID, STUDENT_ID, LESSONS_IDS, STATUS, CREATED_DATE,
                                             CREATED_USER_ID, MODIFIED_DATE, MODIFIED_USER_ID)
VALUES ('04437e9a-0555-41ab-a85d-0a1a17457167', 200011101211, '[11012001, 11012002, 11012003]', 'APPROVED',
        '2021-11-23 19:52:22', '1', '2021-11-23 19:52:22', '1');

INSERT INTO sis.STUDENT_LESSON_REGISTRATION (REGISTRATION_ID, STUDENT_ID, LESSONS_IDS, STATUS, CREATED_DATE,
                                             CREATED_USER_ID, MODIFIED_DATE, MODIFIED_USER_ID)
VALUES ('e0a23ca0-dbb5-4677-8bb9-8a7d87152317', 200011101212, '[11012001, 11012002, 11012003]', 'APPROVED',
        '2021-11-23 19:52:22', '1', '2021-11-23 19:52:22', '1');

INSERT INTO sis.STUDENT_LESSON_REGISTRATION (REGISTRATION_ID, STUDENT_ID, LESSONS_IDS, STATUS, CREATED_DATE,
                                             CREATED_USER_ID, MODIFIED_DATE, MODIFIED_USER_ID)
VALUES ('ef211ec3-d95c-4a15-9e76-bc23551ca151', 200011101213, '[11012001, 11012002, 11012003]', 'APPROVED',
        '2021-11-23 19:52:22', '1', '2021-11-23 19:52:22', '1');

INSERT INTO sis.STUDENT_LESSON_REGISTRATION (REGISTRATION_ID, STUDENT_ID, LESSONS_IDS, STATUS, CREATED_DATE,
                                             CREATED_USER_ID, MODIFIED_DATE, MODIFIED_USER_ID)
VALUES ('e8e2957e-0b0b-44fc-b930-d5f27a1be7b7', 200011101214, '[11012001, 11012002, 11012003]', 'APPROVED',
        '2021-11-23 19:52:22', '1', '2021-11-23 19:52:22', '1');

INSERT INTO sis.STUDENT_LESSON_REGISTRATION (REGISTRATION_ID, STUDENT_ID, LESSONS_IDS, STATUS, CREATED_DATE,
                                             CREATED_USER_ID, MODIFIED_DATE, MODIFIED_USER_ID)
VALUES ('9174e323-62c1-4e79-a557-100a767781bf', 200011101215, '[11012001, 11012002, 11012003]', 'APPROVED',
        '2021-11-23 19:52:22', '1', '2021-11-23 19:52:22', '1');

INSERT INTO sis.STUDENT_LESSON_REGISTRATION (REGISTRATION_ID, STUDENT_ID, LESSONS_IDS, STATUS, CREATED_DATE,
                                             CREATED_USER_ID, MODIFIED_DATE, MODIFIED_USER_ID)
VALUES ('c0e9b34f-f5f0-4dd5-9393-3e18b29e722c', 200011101216, '[11012001, 11012002, 11012003]', 'APPROVED',
        '2021-11-23 19:52:22', '1', '2021-11-23 19:52:22', '1');


# --------------------------------------------
# Insert SQL for Table STUDENT_LESSON
# --------------------------------------------
INSERT INTO sis.STUDENT_LESSON (STUDENT_ID, LESSON_ID, CREATED_DATE, CREATED_USER_ID)
VALUES (200011101215, 11012001, '2022-03-24 17:47:05', 1);

INSERT INTO sis.STUDENT_LESSON (STUDENT_ID, LESSON_ID, CREATED_DATE, CREATED_USER_ID)
VALUES (200011101215, 11012002, '2022-03-24 17:47:05', 1);

INSERT INTO sis.STUDENT_LESSON (STUDENT_ID, LESSON_ID, CREATED_DATE, CREATED_USER_ID)
VALUES (200011101215, 11012003, '2022-03-24 17:47:05', 1);

INSERT INTO sis.STUDENT_LESSON (STUDENT_ID, LESSON_ID, CREATED_DATE, CREATED_USER_ID)
VALUES (200011101216, 11012001, '2022-03-24 18:46:13', 1);

INSERT INTO sis.STUDENT_LESSON (STUDENT_ID, LESSON_ID, CREATED_DATE, CREATED_USER_ID)
VALUES (200011101216, 11012002, '2022-03-24 18:46:13', 1);

INSERT INTO sis.STUDENT_LESSON (STUDENT_ID, LESSON_ID, CREATED_DATE, CREATED_USER_ID)
VALUES (200011101216, 11012003, '2022-03-24 18:46:13', 1);


# --------------------------------------------
# Insert SQL for Table STUDENT_LESSON_NOTE
# --------------------------------------------
INSERT INTO sis.STUDENT_LESSON_NOTE (ID, TEACHER_ID, STUDENT_ID, LESSON_ID, MIDTERM_NOTE, MIDTERM_NOTE_STATE,
                                     FINAL_NOTE, FINAL_NOTE_STATE, RESIT_NOTE, RESIT_NOTE_STATE, MEAN_OF_NOTE, STATUS,
                                     CREATED_DATE, CREATED_USER_ID)
VALUES ('336133d0-d3f1-4bd5-8bab-7d2fdb8dd080', 11012028, 200011101215, 11012003, null, 'NOT_ENTERED',
        null, 'NOT_ENTERED', null, 'NOT_ENTERED', null, 'UNFINALISED', '2022-04-23 16:49:28', 1);

INSERT INTO sis.STUDENT_LESSON_NOTE (ID, TEACHER_ID, STUDENT_ID, LESSON_ID, MIDTERM_NOTE, MIDTERM_NOTE_STATE,
                                     FINAL_NOTE, FINAL_NOTE_STATE, RESIT_NOTE, RESIT_NOTE_STATE, MEAN_OF_NOTE, STATUS,
                                     CREATED_DATE, CREATED_USER_ID)
VALUES ('428ed03d-0573-4e4b-806b-c871fb2ba869', 11012028, 200011101215, 11012005, null, 'NOT_ENTERED',
        null, 'NOT_ENTERED', null, 'NOT_ENTERED', null, 'UNFINALISED', '2022-04-23 16:49:28', 1);

INSERT INTO sis.STUDENT_LESSON_NOTE (ID, TEACHER_ID, STUDENT_ID, LESSON_ID, MIDTERM_NOTE, MIDTERM_NOTE_STATE,
                                     FINAL_NOTE, FINAL_NOTE_STATE, RESIT_NOTE, RESIT_NOTE_STATE, MEAN_OF_NOTE, STATUS,
                                     CREATED_DATE, CREATED_USER_ID)
VALUES ('a440daae-fbf8-4cb6-b3d0-c4c11c88462c', 11012029, 200011101215, 11012001, null, 'NOT_ENTERED',
        null, 'NOT_ENTERED', null, 'NOT_ENTERED', null, 'UNFINALISED', '2022-04-23 16:49:28', 1);

INSERT INTO sis.STUDENT_LESSON_NOTE (ID, TEACHER_ID, STUDENT_ID, LESSON_ID, MIDTERM_NOTE, MIDTERM_NOTE_STATE,
                                     FINAL_NOTE, FINAL_NOTE_STATE, RESIT_NOTE, RESIT_NOTE_STATE, MEAN_OF_NOTE, STATUS,
                                     CREATED_DATE, CREATED_USER_ID)
VALUES ('b88a42dc-04b2-43cf-902e-d179d83f746d', 11012027, 200011101215, 11012004, null, 'NOT_ENTERED',
        null, 'NOT_ENTERED', null, 'NOT_ENTERED', null, 'UNFINALISED', '2022-04-23 16:49:28', 1);

INSERT INTO sis.STUDENT_LESSON_NOTE (ID, TEACHER_ID, STUDENT_ID, LESSON_ID, MIDTERM_NOTE, MIDTERM_NOTE_STATE,
                                     FINAL_NOTE, FINAL_NOTE_STATE, RESIT_NOTE, RESIT_NOTE_STATE, MEAN_OF_NOTE, STATUS,
                                     CREATED_DATE, CREATED_USER_ID)
VALUES ('c74265a7-0115-4a1f-835a-ec0a1277dcb9', 11012029, 200011101215, 11012006, null, 'NOT_ENTERED',
        null, 'NOT_ENTERED', null, 'NOT_ENTERED', null, 'UNFINALISED', '2022-04-23 16:49:28', 1);

INSERT INTO sis.STUDENT_LESSON_NOTE (ID, TEACHER_ID, STUDENT_ID, LESSON_ID, MIDTERM_NOTE, MIDTERM_NOTE_STATE,
                                     FINAL_NOTE, FINAL_NOTE_STATE, RESIT_NOTE, RESIT_NOTE_STATE, MEAN_OF_NOTE, STATUS,
                                     CREATED_DATE, CREATED_USER_ID)
VALUES ('e65a4d75-1be7-4da6-a0e8-a8562d553ded', 11012027, 200011101215, 11012002, null, 'NOT_ENTERED',
        null, 'NOT_ENTERED', null, 'NOT_ENTERED', null, 'UNFINALISED', '2022-04-23 16:49:28', 1);

INSERT INTO sis.STUDENT_LESSON_NOTE (ID, TEACHER_ID, STUDENT_ID, LESSON_ID, MIDTERM_NOTE, MIDTERM_NOTE_STATE,
                                     FINAL_NOTE, FINAL_NOTE_STATE, RESIT_NOTE, RESIT_NOTE_STATE, MEAN_OF_NOTE, STATUS,
                                     CREATED_DATE, CREATED_USER_ID)
VALUES ('312a492c-be4f-4e6c-9114-c3383780f8bf', 11012029, 200011101216, 11012006, null, 'NOT_ENTERED',
        null, 'NOT_ENTERED', null, 'NOT_ENTERED', null, 'UNFINALISED', '2022-04-23 16:49:28', 1);

INSERT INTO sis.STUDENT_LESSON_NOTE (ID, TEACHER_ID, STUDENT_ID, LESSON_ID, MIDTERM_NOTE, MIDTERM_NOTE_STATE,
                                     FINAL_NOTE, FINAL_NOTE_STATE, RESIT_NOTE, RESIT_NOTE_STATE, MEAN_OF_NOTE, STATUS,
                                     CREATED_DATE, CREATED_USER_ID)
VALUES ('5bbc2e8a-001b-4d21-a968-bb5333a57e7b', 11012027, 200011101216, 11012004, null, 'NOT_ENTERED',
        null, 'NOT_ENTERED', null, 'NOT_ENTERED', null, 'UNFINALISED', '2022-04-23 16:49:28', 1);

INSERT INTO sis.STUDENT_LESSON_NOTE (ID, TEACHER_ID, STUDENT_ID, LESSON_ID, MIDTERM_NOTE, MIDTERM_NOTE_STATE,
                                     FINAL_NOTE, FINAL_NOTE_STATE, RESIT_NOTE, RESIT_NOTE_STATE, MEAN_OF_NOTE, STATUS,
                                     CREATED_DATE, CREATED_USER_ID)
VALUES ('7c2154f0-8b80-4f73-8226-48269556d47d', 11012029, 200011101216, 11012001, null, 'NOT_ENTERED',
        null, 'NOT_ENTERED', null, 'NOT_ENTERED', null, 'UNFINALISED', '2022-04-23 16:49:28', 1);

INSERT INTO sis.STUDENT_LESSON_NOTE (ID, TEACHER_ID, STUDENT_ID, LESSON_ID, MIDTERM_NOTE, MIDTERM_NOTE_STATE,
                                     FINAL_NOTE, FINAL_NOTE_STATE, RESIT_NOTE, RESIT_NOTE_STATE, MEAN_OF_NOTE, STATUS,
                                     CREATED_DATE, CREATED_USER_ID)
VALUES ('85135e27-4acf-44e6-80ac-e3bf6533d24c', 11012028, 200011101216, 11012005, null, 'NOT_ENTERED',
        null, 'NOT_ENTERED', null, 'NOT_ENTERED', null, 'UNFINALISED', '2022-04-23 16:49:28', 1);

INSERT INTO sis.STUDENT_LESSON_NOTE (ID, TEACHER_ID, STUDENT_ID, LESSON_ID, MIDTERM_NOTE, MIDTERM_NOTE_STATE,
                                     FINAL_NOTE, FINAL_NOTE_STATE, RESIT_NOTE, RESIT_NOTE_STATE, MEAN_OF_NOTE, STATUS,
                                     CREATED_DATE, CREATED_USER_ID)
VALUES ('c56e6cc3-b960-4693-bf67-2fa1570b3702', 11012027, 200011101216, 11012002, null, 'NOT_ENTERED',
        null, 'NOT_ENTERED', null, 'NOT_ENTERED', null, 'UNFINALISED', '2022-04-23 16:49:28', 1);

INSERT INTO sis.STUDENT_LESSON_NOTE (ID, TEACHER_ID, STUDENT_ID, LESSON_ID, MIDTERM_NOTE, MIDTERM_NOTE_STATE,
                                     FINAL_NOTE, FINAL_NOTE_STATE, RESIT_NOTE, RESIT_NOTE_STATE, MEAN_OF_NOTE, STATUS,
                                     CREATED_DATE, CREATED_USER_ID)
VALUES ('dd79954d-528b-46fc-a6a8-432231abe0e0', 11012028, 200011101216, 11012003, null, 'NOT_ENTERED',
        null, 'NOT_ENTERED', null, 'NOT_ENTERED', null, 'UNFINALISED', '2022-04-23 16:49:28', 1);


# --------------------------------------------
# Insert SQL for Table STUDENT_PARAMETER
# --------------------------------------------
INSERT INTO sis.STUDENT_PARAMETER (ID, NAME, VALUE, CREATED_DATE, CREATED_USER_ID)
VALUES (1, 'MAIL_SMTP_SENDER_EMAIL', 'student.info.smtp@gmail.com', '2021-12-11 19:46:33', '1');

INSERT INTO sis.STUDENT_PARAMETER (ID, NAME, VALUE, CREATED_DATE, CREATED_USER_ID)
VALUES (2, 'MAIL_SMTP_SENDER_PASSWORD', 'fiFhas-resrar-2buzqu', '2021-12-11 19:46:33', '1');

INSERT INTO sis.STUDENT_PARAMETER (ID, NAME, VALUE, CREATED_DATE, CREATED_USER_ID)
VALUES (3, 'MAIL_SMTP_SENDER_NAME', 'Öğrenci Bilgi Sistemi', '2021-12-11 19:46:33', '1');

INSERT INTO sis.STUDENT_PARAMETER (ID, NAME, VALUE, CREATED_DATE, CREATED_USER_ID)
VALUES (4, 'MAIL_SMTP_HOST', 'smtp.gmail.com', '2021-12-11 19:46:33', '1');

INSERT INTO sis.STUDENT_PARAMETER (ID, NAME, VALUE, CREATED_DATE, CREATED_USER_ID)
VALUES (5, 'MAIL_SMTP_PORT', '587', '2021-12-11 19:46:33', '1');

INSERT INTO sis.STUDENT_PARAMETER (ID, NAME, VALUE, CREATED_DATE, CREATED_USER_ID)
VALUES (6, 'MAIL_SMTP_AUTH', 'true', '2021-12-11 19:46:33', '1');

INSERT INTO sis.STUDENT_PARAMETER (ID, NAME, VALUE, CREATED_DATE, CREATED_USER_ID)
VALUES (7, 'MAIL_SMTP_START_TLS_ENABLE', 'true', '2021-12-11 19:46:33', '1');

INSERT INTO sis.STUDENT_PARAMETER (ID, NAME, VALUE, CREATED_DATE, CREATED_USER_ID)
VALUES (8, 'MAIL_TEMPLATE_FIRST_PASSWORD',
        '<!DOCTYPE html>
        <html>
        <body>
        <p>Merhaba {studentName},<br><br>
        {date} tarihinde Öğrenci Hesabınız başarıyla oluşturulmuştur.<br><br>

        <b>Öğrenci Numarası</b>: {studentNumber}<br><br>

        </b>{changePasswordUrl}</b><br><br>

        Şifrenizi yukarıdaki link üzerinden oluşturabilirsiniz.<br>
        Link sadece mail gönderiminden itibaren 24 Saat için geçerlidir!<br><br>

        Teşekkürler,<br>
        SIS Ekibi</p>
        </body></html>',
        '2021-12-11 19:46:33', '1');

INSERT INTO sis.STUDENT_PARAMETER (ID, NAME, VALUE, CREATED_DATE, CREATED_USER_ID)
VALUES (9, 'MAIL_TEMPLATE_FORGOT_PASSWORD',
        '<!DOCTYPE html>
        <html>
        <body>
        <p>Merhaba {studentName},<br><br>
        Öğrenci Bilgi Sistemi şifre değiştirme isteğiniz üzerine;<br><br>

        <b>Öğrenci Numarası</b>: {studentNumber}<br><br>

        </b>{changePasswordUrl}</b><br><br>

        Şifrenizi yukarıdaki link üzerinden oluşturabilirsiniz.<br>
        Link sadece mail gönderiminden itibaren 24 Saat için geçerlidir!<br><br>

        Eğer bu isteği siz yapmadıysanız bu maili dikkate almayınız.<br><br>

        Teşekkürler,<br>
        SIS Ekibi</p>
        </body></html>',
        '2021-12-11 19:46:33', '1');
