# --------------------------------------------
# Insert SQL for Table OFFICER_ACADEMIC_INFO
# --------------------------------------------
INSERT INTO sis.OFFICER_ACADEMIC_INFO (OFFICER_ID, FACULTY_ID, STATUS, EMAIL, PHONE_NUMBER, REGISTRATION_DATE,
                                       CREATED_DATE, CREATED_USER_ID)
VALUES ('12001', '10', 'ACTIVE', 'emine.munevver.akca@university.edu.tr', '5066987541', '2021-11-30 13:27:10',
        '2021-11-30 13:27:10', '1');

INSERT INTO sis.OFFICER_ACADEMIC_INFO (OFFICER_ID, FACULTY_ID, STATUS, EMAIL, PHONE_NUMBER, REGISTRATION_DATE,
                                       CREATED_DATE, CREATED_USER_ID)
VALUES ('12002', '10', 'ACTIVE', 'erhan.ciray@university.edu.tr', '5062287541', '2021-11-30 13:27:10',
        '2021-11-30 13:27:10', '1');

INSERT INTO sis.OFFICER_ACADEMIC_INFO (OFFICER_ID, FACULTY_ID, STATUS, EMAIL, PHONE_NUMBER, REGISTRATION_DATE,
                                       CREATED_DATE, CREATED_USER_ID)
VALUES ('12003', '10', 'ACTIVE', 'busra.kirtas@university.edu.tr', '5066989700', '2021-11-30 13:27:10',
        '2021-11-30 13:27:10', '1');

INSERT INTO sis.OFFICER_ACADEMIC_INFO (OFFICER_ID, FACULTY_ID, STATUS, EMAIL, PHONE_NUMBER, REGISTRATION_DATE,
                                       CREATED_DATE, CREATED_USER_ID)
VALUES ('12004', '11', 'ACTIVE', 'talip.orhan@university.edu.tr', '5536989711', '2021-11-30 13:27:10',
        '2021-11-30 13:27:10', '1');

INSERT INTO sis.OFFICER_ACADEMIC_INFO (OFFICER_ID, FACULTY_ID, STATUS, EMAIL, PHONE_NUMBER, REGISTRATION_DATE,
                                       CREATED_DATE, CREATED_USER_ID)
VALUES ('12005', '11', 'ACTIVE', 'beyda.yurteri@university.edu.tr', '5556984548', '2021-11-30 13:27:10',
        '2021-11-30 13:27:10', '1');

INSERT INTO sis.OFFICER_ACADEMIC_INFO (OFFICER_ID, FACULTY_ID, STATUS, EMAIL, PHONE_NUMBER, REGISTRATION_DATE,
                                       CREATED_DATE, CREATED_USER_ID)
VALUES ('12006', '11', 'ACTIVE', 'melike.kutlay@university.edu.tr', '5054779748', '2021-11-30 13:27:10',
        '2021-11-30 13:27:10', '1');

INSERT INTO sis.OFFICER_ACADEMIC_INFO (OFFICER_ID, FACULTY_ID, STATUS, EMAIL, PHONE_NUMBER, REGISTRATION_DATE,
                                       CREATED_DATE, CREATED_USER_ID)
VALUES ('12007', '11', 'ACTIVE', 'i̇lknur.sozumcetin@university.edu.tr', '5066319748', '2021-11-30 13:27:10',
        '2021-11-30 13:27:10', '1');

INSERT INTO sis.OFFICER_ACADEMIC_INFO (OFFICER_ID, FACULTY_ID, STATUS, EMAIL, PHONE_NUMBER, REGISTRATION_DATE,
                                       CREATED_DATE, CREATED_USER_ID)
VALUES ('12008', '12', 'ACTIVE', 'cansunur.savca@university.edu.tr', '5706989748', '2021-11-30 13:27:10',
        '2021-11-30 13:27:10', '1');

INSERT INTO sis.OFFICER_ACADEMIC_INFO (OFFICER_ID, FACULTY_ID, STATUS, EMAIL, PHONE_NUMBER, REGISTRATION_DATE,
                                       CREATED_DATE, CREATED_USER_ID)
VALUES ('12009', '12', 'ACTIVE', 'berna.kurtulus@university.edu.tr', '5506989748', '2021-11-30 13:27:10',
        '2021-11-30 13:27:10', '1');

INSERT INTO sis.OFFICER_ACADEMIC_INFO (OFFICER_ID, FACULTY_ID, STATUS, EMAIL, PHONE_NUMBER, REGISTRATION_DATE,
                                       CREATED_DATE, CREATED_USER_ID)
VALUES ('12010', '12', 'ACTIVE', 'servet.akcagunay@university.edu.tr', '5060084548', '2021-11-30 13:27:10',
        '2021-11-30 13:27:10', '1');


# --------------------------------------------
# Insert SQL for Table OFFICER_PERSONAL_INFO
# --------------------------------------------
INSERT INTO sis.OFFICER_PERSONAL_INFO (OFFICER_ID, TC_NO, NAME, SURNAME, EMAIL, PHONE_NUMBER, STATUS, PROFILE_PHOTO,
                                       PROFILE_PHOTO_URL, BIRTHDAY, ADDRESS, CREATED_DATE, CREATED_USER_ID)
VALUES ('12001', '12365498715', 'Emine Münevver', 'Akca', 'emine.munevver.akca@sisgmail.com', '5336987541', 'ACTIVE',
        null, null, '2021-11-30 13:27:10', 'İstanbul', '2021-11-30 13:27:10', '1');

INSERT INTO sis.OFFICER_PERSONAL_INFO (OFFICER_ID, TC_NO, NAME, SURNAME, EMAIL, PHONE_NUMBER, STATUS, PROFILE_PHOTO,
                                       PROFILE_PHOTO_URL, BIRTHDAY, ADDRESS, CREATED_DATE, CREATED_USER_ID)
VALUES ('12002', '15935796321', 'Erhan', 'Çıray', 'erhan.ciray@sisgmail.com', '5052361547', 'ACTIVE',
        null, null, '2021-11-30 13:27:10', 'İstanbul', '2021-11-30 13:27:10', '1');

INSERT INTO sis.OFFICER_PERSONAL_INFO (OFFICER_ID, TC_NO, NAME, SURNAME, EMAIL, PHONE_NUMBER, STATUS, PROFILE_PHOTO,
                                       PROFILE_PHOTO_URL, BIRTHDAY, ADDRESS, CREATED_DATE, CREATED_USER_ID)
VALUES ('12003', '35648275124', 'Büşra', 'Kırtaş', 'busra.kirtas@sisgmail.com', '5569871523', 'ACTIVE',
        null, null, '2021-11-30 13:27:10', 'İstanbul', '2021-11-30 13:27:10', '1');

INSERT INTO sis.OFFICER_PERSONAL_INFO (OFFICER_ID, TC_NO, NAME, SURNAME, EMAIL, PHONE_NUMBER, STATUS, PROFILE_PHOTO,
                                       PROFILE_PHOTO_URL, BIRTHDAY, ADDRESS, CREATED_DATE, CREATED_USER_ID)
VALUES ('12004', '15236895412', 'Talip', 'Orhan', 'talip.orhan@sisgmail.com', '5452569585', 'ACTIVE',
        null, null, '2021-11-30 13:27:10', 'İstanbul', '2021-11-30 13:27:10', '1');

INSERT INTO sis.OFFICER_PERSONAL_INFO (OFFICER_ID, TC_NO, NAME, SURNAME, EMAIL, PHONE_NUMBER, STATUS, PROFILE_PHOTO,
                                       PROFILE_PHOTO_URL, BIRTHDAY, ADDRESS, CREATED_DATE, CREATED_USER_ID)
VALUES ('12005', '25467598562', 'Beyda', 'Yurteri', 'beyda.yurteri@sisgmail.com', '5356925412', 'ACTIVE',
        null, null, '2021-11-30 13:27:10', 'İstanbul', '2021-11-30 13:27:10', '1');

INSERT INTO sis.OFFICER_PERSONAL_INFO (OFFICER_ID, TC_NO, NAME, SURNAME, EMAIL, PHONE_NUMBER, STATUS, PROFILE_PHOTO,
                                       PROFILE_PHOTO_URL, BIRTHDAY, ADDRESS, CREATED_DATE, CREATED_USER_ID)
VALUES ('12006', '12365489652', 'Melike', 'Kutlay', 'melike.kutlay@sisgmail.com', '5463521213', 'ACTIVE',
        null, null, '2021-11-30 13:27:10', 'İstanbul', '2021-11-30 13:27:10', '1');

INSERT INTO sis.OFFICER_PERSONAL_INFO (OFFICER_ID, TC_NO, NAME, SURNAME, EMAIL, PHONE_NUMBER, STATUS, PROFILE_PHOTO,
                                       PROFILE_PHOTO_URL, BIRTHDAY, ADDRESS, CREATED_DATE, CREATED_USER_ID)
VALUES ('12007', '15936214785', 'İlknur', 'Sözümçetin', 'i̇lknur.sozumcetin@sisgmail.com', '5481236598', 'ACTIVE',
        null, null, '2021-11-30 13:27:10', 'İstanbul', '2021-11-30 13:27:10', '1');

INSERT INTO sis.OFFICER_PERSONAL_INFO (OFFICER_ID, TC_NO, NAME, SURNAME, EMAIL, PHONE_NUMBER, STATUS, PROFILE_PHOTO,
                                       PROFILE_PHOTO_URL, BIRTHDAY, ADDRESS, CREATED_DATE, CREATED_USER_ID)
VALUES ('12008', '15935768251', 'Cansunur', 'Savca', 'cansunur.savca@sisgmail.com', '5369585455', 'ACTIVE',
        null, null, '2021-11-30 13:27:10', 'İstanbul', '2021-11-30 13:27:10', '1');

INSERT INTO sis.OFFICER_PERSONAL_INFO (OFFICER_ID, TC_NO, NAME, SURNAME, EMAIL, PHONE_NUMBER, STATUS, PROFILE_PHOTO,
                                       PROFILE_PHOTO_URL, BIRTHDAY, ADDRESS, CREATED_DATE, CREATED_USER_ID)
VALUES ('12009', '36985269326', 'Berna', 'Kurtuluş', 'berna.kurtulus@sisgmail.com', '5452566566', 'ACTIVE',
        null, null, '2021-11-30 13:27:10', 'İstanbul', '2021-11-30 13:27:10', '1');

INSERT INTO sis.OFFICER_PERSONAL_INFO (OFFICER_ID, TC_NO, NAME, SURNAME, EMAIL, PHONE_NUMBER, STATUS, PROFILE_PHOTO,
                                       PROFILE_PHOTO_URL, BIRTHDAY, ADDRESS, CREATED_DATE, CREATED_USER_ID)
VALUES ('12010', '15236895120', 'Servet', 'Akçagunay', 'servet.akcagunay@sisgmail.com', '5345213232', 'ACTIVE',
        null, null, '2021-11-30 13:27:10', 'İstanbul', '2021-11-30 13:27:10', '1');


# --------------------------------------------
# Insert SQL for Table OFFICER_PARAMETER
# --------------------------------------------
INSERT INTO sis.OFFICER_PARAMETER (ID, NAME, VALUE, CREATED_DATE, CREATED_USER_ID)
VALUES (1, 'MAIL_SMTP_SENDER_EMAIL', 'student.info.smtp@gmail.com', '2021-12-11 19:46:33', '1');

INSERT INTO sis.OFFICER_PARAMETER (ID, NAME, VALUE, CREATED_DATE, CREATED_USER_ID)
VALUES (2, 'MAIL_SMTP_SENDER_PASSWORD', 'fiFhas-resrar-2buzqu', '2021-12-11 19:46:33', '1');

INSERT INTO sis.OFFICER_PARAMETER (ID, NAME, VALUE, CREATED_DATE, CREATED_USER_ID)
VALUES (3, 'MAIL_SMTP_SENDER_NAME', 'Öğrenci Bilgi Sistemi', '2021-12-11 19:46:33', '1');

INSERT INTO sis.OFFICER_PARAMETER (ID, NAME, VALUE, CREATED_DATE, CREATED_USER_ID)
VALUES (4, 'MAIL_SMTP_HOST', 'smtp.gmail.com', '2021-12-11 19:46:33', '1');

INSERT INTO sis.OFFICER_PARAMETER (ID, NAME, VALUE, CREATED_DATE, CREATED_USER_ID)
VALUES (5, 'MAIL_SMTP_PORT', '587', '2021-12-11 19:46:33', '1');

INSERT INTO sis.OFFICER_PARAMETER (ID, NAME, VALUE, CREATED_DATE, CREATED_USER_ID)
VALUES (6, 'MAIL_SMTP_AUTH', 'true', '2021-12-11 19:46:33', '1');

INSERT INTO sis.OFFICER_PARAMETER (ID, NAME, VALUE, CREATED_DATE, CREATED_USER_ID)
VALUES (7, 'MAIL_SMTP_START_TLS_ENABLE', 'true', '2021-12-11 19:46:33', '1');

INSERT INTO sis.OFFICER_PARAMETER (ID, NAME, VALUE, CREATED_DATE, CREATED_USER_ID)
VALUES (8, 'MAIL_TEMPLATE_FIRST_PASSWORD',
        '<!DOCTYPE html>
        <html>
        <body>
        <p>Merhaba {officerName},<br><br>
        {date} tarihinde Personel Hesabınız başarıyla oluşturulmuştur.<br><br>

        <b>Personel Numarası</b>: {officerNumber}<br><br>

        </b>{changePasswordUrl}</b><br><br>

        Şifrenizi yukarıdaki link üzerinden oluşturabilirsiniz.<br>
        Link sadece mail gönderiminden itibaren 24 Saat için geçerlidir!<br><br>

        Teşekkürler,<br>
        SIS Ekibi</p>
        </body></html>',
        '2021-12-11 19:46:33', '1');

INSERT INTO sis.OFFICER_PARAMETER (ID, NAME, VALUE, CREATED_DATE, CREATED_USER_ID)
VALUES (9, 'MAIL_TEMPLATE_FORGOT_PASSWORD',
        '<!DOCTYPE html>
        <html>
        <body>
        <p>Merhaba {officerName},<br><br>
        Öğrenci Bilgi Sistemi şifre değiştirme isteğiniz üzerine;<br><br>

        <b>Personel Numarası</b>: {officerNumber}<br><br>

        </b>{changePasswordUrl}</b><br><br>

        Şifrenizi yukarıdaki link üzerinden oluşturabilirsiniz.<br>
        Link sadece mail gönderiminden itibaren 24 Saat için geçerlidir!<br><br>

        Eğer bu isteği siz yapmadıysanız bu maili dikkate almayınız.<br><br>

        Teşekkürler,<br>
        SIS Ekibi</p>
        </body></html>',
        '2021-12-11 19:46:33', '1');
